,gene/TF,region
2509,RELA,DLPFC
6756,NFKB1,DLPFC
3801,NFKB1,Hippocampus
10955,RELA,Hippocampus
483,NFKB1,LTL
1620,RELA,LTL
2420,FOXB2,DLPFC
2422,FOXA2,DLPFC
2423,HOXA6,DLPFC
2424,NEUROG1,DLPFC
2425,SOX14,DLPFC
2426,FOXI2,DLPFC
2428,POU4F2,DLPFC
2429,SP6,DLPFC
2430,ZNF263,DLPFC
2432,ELF5,DLPFC
2433,HOXA13,DLPFC
2434,TLX3,DLPFC
2435,AIRE,DLPFC
2436,NEUROG3,DLPFC
2437,POU3F3,DLPFC
2438,SPIB,DLPFC
2439,FOXD4L1,DLPFC
2441,FOXE1,DLPFC
2443,POU5F1B,DLPFC
2444,STAT3,DLPFC
2445,TBX10,DLPFC
2447,HOXD3,DLPFC
2448,PAX5,DLPFC
2449,TLX1,DLPFC
2450,FOXE3,DLPFC
2452,GATA1,DLPFC
2453,HNF4A,DLPFC
2455,HOXB4,DLPFC
2456,POU2F3,DLPFC
2457,FIGLA,DLPFC
2458,HOXA5,DLPFC
2459,MYOD1,DLPFC
2460,TFAP2B,DLPFC
2461,MAFA,DLPFC
2463,FOXA1,DLPFC
2464,ELF3,DLPFC
2465,ETV7,DLPFC
2466,FOXD4L5,DLPFC
2468,INSM1,DLPFC
2469,NR3C1,DLPFC
2470,PRDM1,DLPFC
2471,E4F1,DLPFC
2472,RXRA,DLPFC
2473,SP7,DLPFC
2474,FOXC2,DLPFC
2475,FOXD4,DLPFC
2477,FOXS1,DLPFC
2479,BATF,DLPFC
2480,ERG,DLPFC
2482,ETS1,DLPFC
2484,FOXJ2,DLPFC
2485,GATA2,DLPFC
2486,IRF1,DLPFC
2488,MAFF,DLPFC
2489,SOX7,DLPFC
2490,FOXD4L3,DLPFC
2492,LHX8,DLPFC
2493,PGR,DLPFC
2494,TFAP2A,DLPFC
2497,TGIF1,DLPFC
2498,E2F8,DLPFC
2499,NFATC1,DLPFC
2500,RFX8,DLPFC
2501,SNAI1,DLPFC
2503,KLF1,DLPFC
2504,GABPA,DLPFC
2505,CEBPD,DLPFC
2506,FOSL2,DLPFC
2507,ETS2,DLPFC
2508,HEYL,DLPFC
2510,SMARCC2,DLPFC
2511,FOSL1,DLPFC
2512,LMO2,DLPFC
2513,SOX21,DLPFC
2515,HNF4G,DLPFC
2516,SP5,DLPFC
539727,CDX4,DLPFC
539728,CTCFL,DLPFC
539732,HOXC11,DLPFC
539733,HOXD11,DLPFC
539734,NKX2-3,DLPFC
539735,NKX2-6,DLPFC
539736,TBX20,DLPFC
539738,TGIF2LY,DLPFC
539746,HOXB9,DLPFC
539749,GCM1,DLPFC
539751,OTP,DLPFC
539765,T,DLPFC
539784,CDX2,DLPFC
539785,FOXA3,DLPFC
539786,FOXI1,DLPFC
539787,HOXA11,DLPFC
539790,HOXD10,DLPFC
539791,SPZ1,DLPFC
539797,NKX2-4,DLPFC
539798,NR5A2,DLPFC
539802,HOXC13,DLPFC
539803,PRDM4,DLPFC
539815,HES2,DLPFC
539816,ZSCAN4,DLPFC
539818,HOXA9,DLPFC
539820,ENO1,DLPFC
539836,OTX2,DLPFC
539837,HOXD12,DLPFC
539838,HOXC10,DLPFC
539839,TP63,DLPFC
539841,FOXB1,DLPFC
539842,MEF2A,DLPFC
539845,STAT5B,DLPFC
539846,E2F3,DLPFC
539847,HLF,DLPFC
539848,NFYB,DLPFC
572541,DUXA,DLPFC
572544,FOXD3,DLPFC
572546,HOXD13,DLPFC
572567,EN2,DLPFC
572568,ESX1,DLPFC
572575,HAND1,DLPFC
572614,TCF21,DLPFC
572631,TBX21,DLPFC
572632,TFDP3,DLPFC
572652,PITX2,DLPFC
572658,RAX,DLPFC
572665,BARHL1,DLPFC
572667,BARHL2,DLPFC
572669,HINFP,DLPFC
572672,PAX1,DLPFC
572698,TBPL2,DLPFC
572709,GBX1,DLPFC
572715,SPIC,DLPFC
572728,PAX4,DLPFC
572737,TCF23,DLPFC
572738,MYF6,DLPFC
572739,HLTF,DLPFC
572741,DPRX,DLPFC
572742,ESRRB,DLPFC
572745,ZNF75D,DLPFC
572747,RUNX3,DLPFC
572750,ZNF274,DLPFC
572773,HMX3,DLPFC
572774,NR1I2,DLPFC
572775,KLF3,DLPFC
613701,CEBPG,DLPFC
613731,GATA5,DLPFC
613733,HMX2,DLPFC
613758,HOXA7,DLPFC
613763,HOXC9,DLPFC
613787,LHX3,DLPFC
613922,HOXA1,DLPFC
614133,HOXB1,DLPFC
614159,HAND2,DLPFC
614162,HOXA2,DLPFC
614165,IRX1,DLPFC
614166,IRX4,DLPFC
614176,NOBOX,DLPFC
614277,FOXD2,DLPFC
614281,GFI1B,DLPFC
614286,GMEB2,DLPFC
614289,HOXC6,DLPFC
614294,LHX5,DLPFC
614299,RFX6,DLPFC
614313,THRB,DLPFC
614349,GSC,DLPFC
614358,DMRT1,DLPFC
614369,NKX3-2,DLPFC
614386,EN1,DLPFC
614415,GATA6,DLPFC
614419,HOXB13,DLPFC
614434,IRX5,DLPFC
614474,ARNT2,DLPFC
614477,BHLHE23,DLPFC
614537,ONECUT3,DLPFC
614538,HOXB8,DLPFC
614539,HOXC8,DLPFC
614541,OLIG3,DLPFC
614545,PDX1,DLPFC
614547,TBX4,DLPFC
614551,PHOX2B,DLPFC
614552,ALX1,DLPFC
614558,NHLH1,DLPFC
614567,STAT4,DLPFC
614573,HOXB6,DLPFC
614575,GSX1,DLPFC
614576,ISX,DLPFC
614577,RORC,DLPFC
614578,LHX9,DLPFC
614581,POU4F1,DLPFC
614582,POU4F3,DLPFC
614583,IRX6,DLPFC
614584,MEF2C,DLPFC
614602,MYOG,DLPFC
614605,UNCX,DLPFC
614613,VSX2,DLPFC
614614,THAP1,DLPFC
614616,KLF9,DLPFC
614619,HOXD8,DLPFC
614620,EOMES,DLPFC
614626,CDC5L,DLPFC
904757,NEUROD4,DLPFC
904858,RFX7,DLPFC
904867,SIM1,DLPFC
904883,FOXO3,DLPFC
904890,PAX9,DLPFC
904891,TFCP2,DLPFC
904898,PAX2,DLPFC
1139682,CTCF,DLPFC
1139720,NFYC,DLPFC
1139884,PITX1,DLPFC
1139904,POU1F1,DLPFC
1139913,WT1,DLPFC
1139924,RFX5,DLPFC
1139939,PITX3,DLPFC
1139940,BCL11B,DLPFC
1139944,DMRTA2,DLPFC
1139951,ZNF683,DLPFC
1139991,HES7,DLPFC
1139996,TFAP2D,DLPFC
1140008,DMBX1,DLPFC
1140014,ZBTB33,DLPFC
1140016,TWIST2,DLPFC
1140021,HOXB5,DLPFC
1140022,BCL6B,DLPFC
1315672,NOTO,DLPFC
1315719,GFI1,DLPFC
1315731,GATA3,DLPFC
1315735,MLX,DLPFC
1315736,NKX6-1,DLPFC
1315737,TEF,DLPFC
1315738,POU3F2,DLPFC
1315741,GSC2,DLPFC
1315742,HIC2,DLPFC
1315748,LHX4,DLPFC
1315751,RORA,DLPFC
1315755,MYBL2,DLPFC
1315756,ALX3,DLPFC
1315757,RARB,DLPFC
1315765,EVX2,DLPFC
1315766,NFYA,DLPFC
1315767,PBX1,DLPFC
1641153,NR5A1,DLPFC
1641163,MNX1,DLPFC
1641220,YY2,DLPFC
1641228,ARID3C,DLPFC
1641254,HOXD9,DLPFC
1641255,MEIS2,DLPFC
1641258,NFIX,DLPFC
1641265,THRA,DLPFC
1641281,USF2,DLPFC
1641284,NFE2L1,DLPFC
1641288,ESRRA,DLPFC
1641320,CEBPE,DLPFC
1641321,NR1H2,DLPFC
1641322,TFE3,DLPFC
1641325,HIVEP2,DLPFC
1914003,SOX4,DLPFC
1914007,BRCA1,DLPFC
1914049,TP73,DLPFC
1914066,ZBTB42,DLPFC
1914070,SRY,DLPFC
1914079,FOXG1,DLPFC
1914083,MAX,DLPFC
1914090,ELF4,DLPFC
1914092,FLI1,DLPFC
1914100,IKZF1,DLPFC
1914104,NFATC2,DLPFC
1914105,NFE2,DLPFC
1914111,SMAD3,DLPFC
1914114,SPI1,DLPFC
1914125,TCF7L2,DLPFC
1914126,TAL2,DLPFC
1914128,SOX11,DLPFC
1914129,FOXP3,DLPFC
1914130,MAFK,DLPFC
1914137,VDR,DLPFC
1914157,EP300,DLPFC
1914158,FOXM1,DLPFC
1914159,NKX2-1,DLPFC
1914160,NKX3-1,DLPFC
1914161,STAT1,DLPFC
1914164,ARID5A,DLPFC
1914165,ZIC5,DLPFC
1914168,ETV6,DLPFC
1914171,NR0B1,DLPFC
1914177,BACH2,DLPFC
1914178,KLF8,DLPFC
1914186,SPDEF,DLPFC
1914187,TBP,DLPFC
1914189,ARID5B,DLPFC
1914190,PPARD,DLPFC
1914191,HEY2,DLPFC
1914192,MEIS1,DLPFC
1914193,HNF1A,DLPFC
1914197,TBX1,DLPFC
1914200,TFAP2C,DLPFC
1914203,CEBPB,DLPFC
1914205,HIVEP3,DLPFC
1914208,FOSB,DLPFC
1914210,JUNB,DLPFC
1914215,MYC,DLPFC
1914217,SOX2,DLPFC
1914220,HES1,DLPFC
1914221,TCF15,DLPFC
1914224,MESP2,DLPFC
1914225,KLF7,DLPFC
1914227,RELB,DLPFC
1914228,PKNOX2,DLPFC
1914229,SNAI2,DLPFC
1914231,CREB3L2,DLPFC
1914233,KLF10,DLPFC
1914235,XBP1,DLPFC
1914237,ELK1,DLPFC
1914240,ETV3,DLPFC
1914241,NFATC3,DLPFC
1914244,JUND,DLPFC
1914248,LHX6,DLPFC
1914249,RUNX2,DLPFC
1914250,SOX9,DLPFC
1914252,GLI2,DLPFC
1914253,SOX18,DLPFC
1914258,BHLHE41,DLPFC
1914259,CREB3L4,DLPFC
1914261,FOXQ1,DLPFC
1914262,CEBPA,DLPFC
1914263,EGR4,DLPFC
1914264,SIX5,DLPFC
1914265,ZIC2,DLPFC
1914267,JUN,DLPFC
1914272,MSX2,DLPFC
1914273,TAL1,DLPFC
2379104,NR1H4,DLPFC
2379180,STAT2,DLPFC
2379183,BPTF,DLPFC
2379214,PTF1A,DLPFC
2379218,DNMT1,DLPFC
2379223,ARID3B,DLPFC
2379224,ZNF589,DLPFC
2379225,ZIC3,DLPFC
2607309,NR2F1,DLPFC
2607319,MZF1,DLPFC
2607332,NPAS3,DLPFC
2607352,MIXL1,DLPFC
2607353,SMAD4,DLPFC
2607356,SREBF2,DLPFC
2607363,CREB1,DLPFC
2607366,NR2C2,DLPFC
2607372,MESP1,DLPFC
2607374,SMAD2,DLPFC
2607376,GRHL1,DLPFC
2607377,ARNT,DLPFC
2607382,BACH1,DLPFC
2607384,E2F4,DLPFC
2607385,CDX1,DLPFC
2607386,ATF2,DLPFC
2607387,DDIT3,DLPFC
2607388,ZNF232,DLPFC
2950127,NRF1,DLPFC
2950135,MAFG,DLPFC
2950138,TOPORS,DLPFC
2984300,ZNF76,DLPFC
3507507,FOXH1,DLPFC
3507512,SNAI3,DLPFC
3507533,FOXO6,DLPFC
3577971,GATA4,DLPFC
3577973,NR2F2,DLPFC
3800622,PHOX2A,DLPFC
3800675,STAT6,DLPFC
3852479,PPARG,DLPFC
3852481,PLAGL1,DLPFC
3852484,NFAT5,DLPFC
194725,ESR1,Hippocampus
194803,EVX1,Hippocampus
194809,FOXO3,Hippocampus
194848,FOXO4,Hippocampus
194872,FOXP3,Hippocampus
194895,MEF2D,Hippocampus
195013,MLXIPL,Hippocampus
195016,PAX9,Hippocampus
195035,POU2F2,Hippocampus
195069,RARA,Hippocampus
195219,RXRA,Hippocampus
195331,TAL1,Hippocampus
195361,TCF7L1,Hippocampus
195411,ZBTB7A,Hippocampus
313521,CEBPA,Hippocampus
313534,CLOCK,Hippocampus
313538,CREB1,Hippocampus
313544,FOSL2,Hippocampus
313561,HEY2,Hippocampus
313569,HIC2,Hippocampus
313597,MAFF,Hippocampus
313621,NR4A2,Hippocampus
313638,PKNOX2,Hippocampus
313665,TP53,Hippocampus
313699,ETV1,Hippocampus
313704,TEAD3,Hippocampus
313720,NR3C1,Hippocampus
313734,POU1F1,Hippocampus
313744,CUX2,Hippocampus
313745,RXRG,Hippocampus
313781,NFIX,Hippocampus
402034,CDX2,Hippocampus
402043,E2F4,Hippocampus
402073,FEV,Hippocampus
402091,HNF1B,Hippocampus
402099,HOXA2,Hippocampus
402104,HOXB13,Hippocampus
402109,HOXC11,Hippocampus
402112,NKX3-1,Hippocampus
402130,NR1H4,Hippocampus
402138,PHOX2A,Hippocampus
402142,PRDM1,Hippocampus
402176,RUNX2,Hippocampus
402210,TBX5,Hippocampus
402226,TBXT,Hippocampus
402233,TFAP4,Hippocampus
402241,TLX1,Hippocampus
402254,TP63,Hippocampus
402274,ZIC4,Hippocampus
402283,POU4F1,Hippocampus
402292,ZIC3,Hippocampus
402301,ESRRB,Hippocampus
422874,ATF7,Hippocampus
422877,CREB3L1,Hippocampus
422879,E2F1,Hippocampus
422887,GBX1,Hippocampus
422891,GLIS1,Hippocampus
422901,HOXD11,Hippocampus
422903,HSF4,Hippocampus
422909,NFYB,Hippocampus
422915,NR1H2,Hippocampus
422920,NR4A1,Hippocampus
422938,POU2F1,Hippocampus
422943,RAX,Hippocampus
422944,SMAD2,Hippocampus
422960,VDR,Hippocampus
422981,ZBTB18,Hippocampus
461630,ATF4,Hippocampus
461666,CUX1,Hippocampus
461667,EGR3,Hippocampus
461674,ELF1,Hippocampus
461705,ELF4,Hippocampus
461713,MGA,Hippocampus
461756,MXI1,Hippocampus
461760,NFATC3,Hippocampus
461786,SOX10,Hippocampus
461872,SOX13,Hippocampus
461890,STAT1,Hippocampus
461983,TFE3,Hippocampus
462004,ZNF24,Hippocampus
462027,ZNF282,Hippocampus
462041,HEY1,Hippocampus
697193,CEBPB,Hippocampus
697207,E2F6,Hippocampus
697257,GATA2,Hippocampus
697413,HSF2,Hippocampus
697429,IRF1,Hippocampus
697567,IRF7,Hippocampus
697608,NFIA,Hippocampus
697618,RELB,Hippocampus
697639,RREB1,Hippocampus
697804,TBX19,Hippocampus
697864,MSX1,Hippocampus
697868,ETV5,Hippocampus
697873,HINFP,Hippocampus
697882,RFX4,Hippocampus
1130882,ELF3,Hippocampus
1130883,FOXP1,Hippocampus
1130900,MNX1,Hippocampus
1130919,TBX2,Hippocampus
1130935,TFAP2B,Hippocampus
1130939,USF2,Hippocampus
1440061,CEBPE,Hippocampus
1440064,FOS,Hippocampus
1440090,FOXC2,Hippocampus
1440128,MEF2A,Hippocampus
1440204,NFKB2,Hippocampus
1440221,POU3F1,Hippocampus
1440300,TEAD1,Hippocampus
1440383,ZBTB7B,Hippocampus
1440390,BARX1,Hippocampus
1440391,KLF5,Hippocampus
1559563,EMX2,Hippocampus
1559569,EWSR1,Hippocampus
1559658,HOXA5,Hippocampus
1559678,IRF2,Hippocampus
1559727,IRF9,Hippocampus
1559791,MYB,Hippocampus
1559809,NEUROD2,Hippocampus
1559848,NHLH1,Hippocampus
1559877,PBX3,Hippocampus
1559965,SMAD4,Hippocampus
1560033,SP3,Hippocampus
1560096,ZNF410,Hippocampus
1560111,STAT3,Hippocampus
1560145,HOXA10,Hippocampus
1594784,NR2F1,Hippocampus
1594895,TBX4,Hippocampus
1594911,NFIC,Hippocampus
1594970,TP73,Hippocampus
1594975,PPARG,Hippocampus
1594996,HNF1A,Hippocampus
1602390,BHLHE40,Hippocampus
1602446,JUNB,Hippocampus
1602455,LEF1,Hippocampus
1602462,MYC,Hippocampus
1602467,MYF6,Hippocampus
1602477,SHOX,Hippocampus
1602480,TEAD4,Hippocampus
1602483,ZIC1,Hippocampus
1602490,ZNF384,Hippocampus
1602525,HSF1,Hippocampus
1602541,PLAG1,Hippocampus
1602552,RORB,Hippocampus
1602555,PBX1,Hippocampus
1882914,CEBPG,Hippocampus
1882981,MEIS1,Hippocampus
1882995,NR3C2,Hippocampus
1883000,SOX15,Hippocampus
1883037,TFDP1,Hippocampus
1883044,TFEB,Hippocampus
1883072,ZBTB33,Hippocampus
2041199,EMX1,Hippocampus
2041208,GMEB2,Hippocampus
2041209,IRF4,Hippocampus
2041219,JUN,Hippocampus
2041252,MZF1,Hippocampus
2041304,NFIL3,Hippocampus
2041308,NRL,Hippocampus
2041317,PAX4,Hippocampus
2041338,SOX21,Hippocampus
2041346,SPI1,Hippocampus
2041383,SREBF1,Hippocampus
2041427,NFYA,Hippocampus
2135260,BATF,Hippocampus
2135302,MITF,Hippocampus
2135311,MYBL1,Hippocampus
2135339,REST,Hippocampus
2135444,SPIB,Hippocampus
2135470,YY1,Hippocampus
2135519,MLX,Hippocampus
2135524,MAFK,Hippocampus
2152369,CENPB,Hippocampus
2152429,FOXG1,Hippocampus
2152465,HLF,Hippocampus
2152489,IRF5,Hippocampus
2152597,RBPJ,Hippocampus
2152794,TGIF1,Hippocampus
2287171,BACH2,Hippocampus
2287247,VSX1,Hippocampus
2287285,IRF8,Hippocampus
2287311,MEIS2,Hippocampus
2542657,CEBPD,Hippocampus
2542697,FOXK2,Hippocampus
2542987,MAF,Hippocampus
2543165,SP2,Hippocampus
2543205,PKNOX1,Hippocampus
2543219,MSX2,Hippocampus
2640681,BHLHE41,Hippocampus
2640772,NR2F2,Hippocampus
2640809,OLIG2,Hippocampus
2640907,TEF,Hippocampus
2641109,MAX,Hippocampus
2641163,HESX1,Hippocampus
2641171,STAT2,Hippocampus
2641233,HOXD13,Hippocampus
2795008,FLI1,Hippocampus
2795010,JUND,Hippocampus
2795011,LHX2,Hippocampus
2795013,SIX2,Hippocampus
5079,HNF1A,LTL
5080,MAFG,LTL
5082,RXRA,LTL
5084,SCRT1,LTL
5087,SOX8,LTL
5089,STAT2,LTL
5093,ZBTB18,LTL
14693,FOXP1,LTL
14694,IRF7,LTL
14696,MEF2A,LTL
14698,TCF3,LTL
39176,MEF2D,LTL
39177,ONECUT2,LTL
39179,PPARG,LTL
39180,SMAD3,LTL
68779,SPI1,LTL
68783,TP53,LTL
68788,RELB,LTL
73989,IRF3,LTL
73990,MAFK,LTL
73993,MEF2C,LTL
73995,ZNF282,LTL
75058,ELF1,LTL
75059,TFAP2A,LTL
84466,POU3F3,LTL
91866,FOXP2,LTL
91867,HSF2,LTL
91873,RREB1,LTL
91878,TP73,LTL
101436,HNF4A,LTL
101453,MTF1,LTL
101455,PROX1,LTL
101456,SP1,LTL
101459,TBR1,LTL
102148,BACH2,LTL
102150,EGR3,LTL
111547,HSF4,LTL
111557,PBX1,LTL
112794,GLI2,LTL
112795,LEF1,LTL
112811,NFKB2,LTL
112837,TCF7L1,LTL
112845,TEAD3,LTL
136267,PRDM1,LTL
136268,JUNB,LTL
149448,E2F3,LTL
149453,PKNOX1,LTL
149457,PPARA,LTL
149459,TGIF2,LTL
2509,IL6,DLPFC
6756,DENND4C,DLPFC
12090,CRIP3,DLPFC
13302,PER2,DLPFC
17650,HES6,DLPFC
19232,MYBPC1,DLPFC
23706,GPS2,DLPFC
27782,NFATC4,DLPFC
32104,MT1G,DLPFC
46691,ATP6V0E1,DLPFC
48499,LTBP1,DLPFC
53057,ANTXR2,DLPFC
53433,FAM153C,DLPFC
64312,FOLH1,DLPFC
68557,ITGA7,DLPFC
68699,ANKRD6,DLPFC
86926,SMYD2,DLPFC
89840,ATP5L,DLPFC
92213,ZC3H18,DLPFC
98787,VAV1,DLPFC
99584,CNKSR3,DLPFC
108523,TAZ,DLPFC
110978,FES,DLPFC
124128,SEC62,DLPFC
131775,EFCAB1,DLPFC
174263,CSF3,DLPFC
188522,HOPX,DLPFC
191738,APP,DLPFC
193982,AGL,DLPFC
210992,CDK14,DLPFC
239400,BRIP1,DLPFC
251817,ERH,DLPFC
283240,TGFBI,DLPFC
283698,ABCD4,DLPFC
294886,PLA2G4C,DLPFC
297191,PRPF39,DLPFC
298616,THBS2,DLPFC
305235,HSD17B6,DLPFC
314151,CASP7,DLPFC
318461,MED24,DLPFC
323001,ZDHHC11,DLPFC
328707,BIVM-ERCC5,DLPFC
330616,MAN2A2,DLPFC
338827,C21orf91,DLPFC
340360,PLA1A,DLPFC
341923,ZNF93,DLPFC
349678,TAF1C,DLPFC
352945,CTU2,DLPFC
356579,GJB6,DLPFC
359246,HSF4,DLPFC
366454,ATP10A,DLPFC
369300,TRIQK,DLPFC
369603,TENM4,DLPFC
374321,MPP1,DLPFC
377457,CPOX,DLPFC
405283,HCST,DLPFC
412371,PRKCSH,DLPFC
418524,RPH3A,DLPFC
434237,FKBP1C,DLPFC
434336,ARRDC4,DLPFC
444057,TOP1MT,DLPFC
445964,BMP4,DLPFC
459428,COBLL1,DLPFC
468382,CAV2,DLPFC
481191,RGS7,DLPFC
484902,CTSS,DLPFC
492316,YPEL3,DLPFC
505056,CA2,DLPFC
507668,RPS10-NUDT3,DLPFC
509071,LRP2,DLPFC
509331,TJAP1,DLPFC
520871,LIMD2,DLPFC
533496,NAV2,DLPFC
534288,MAPKAPK2,DLPFC
536414,RAPH1,DLPFC
550050,HIST2H2BF,DLPFC
552005,GSTM1,DLPFC
555037,NPHP1,DLPFC
556778,EMP3,DLPFC
557287,CCDC167,DLPFC
557383,CHML,DLPFC
560465,PLOD3,DLPFC
562036,PAM,DLPFC
577557,BCL6,DLPFC
583448,SLC25A16,DLPFC
585870,ISCA2,DLPFC
590506,ECHDC2,DLPFC
601578,CSTF3,DLPFC
608348,A2M,DLPFC
612569,MET,DLPFC
621438,RFPL3S,DLPFC
626484,GRB10,DLPFC
627147,RAPGEF6,DLPFC
654165,CLDN11,DLPFC
660898,ZNF358,DLPFC
676407,MIA,DLPFC
678658,SAFB2,DLPFC
678745,PHACTR4,DLPFC
682925,LRFN5,DLPFC
692925,USMG5,DLPFC
702174,HMGB3,DLPFC
707166,ZSWIM8,DLPFC
725695,LAMB3,DLPFC
738532,RCC1,DLPFC
752627,PRSS53,DLPFC
761240,FBXL16,DLPFC
762204,DUSP9,DLPFC
776391,ABHD4,DLPFC
780334,L3MBTL1,DLPFC
790809,FAM107B,DLPFC
813210,ATP5J,DLPFC
827278,RPL27,DLPFC
830007,G0S2,DLPFC
836401,EML2,DLPFC
844928,ATP5G1,DLPFC
859509,BDNF,DLPFC
861126,TOMM6,DLPFC
879455,OARD1,DLPFC
882435,PRPF19,DLPFC
890070,C1QA,DLPFC
893885,RHBDD1,DLPFC
896342,CSF1,DLPFC
923285,NME7,DLPFC
939383,RPS7,DLPFC
962390,KCNJ2,DLPFC
965907,RPL7,DLPFC
994203,TTYH2,DLPFC
998687,RPS3,DLPFC
1000595,HSD11B1L,DLPFC
1000918,CD55,DLPFC
1016290,NFKBIA,DLPFC
1021980,RPS12,DLPFC
1039780,WDR90,DLPFC
1041363,TIMM9,DLPFC
1042924,RPS14,DLPFC
1043781,MOSPD3,DLPFC
1053152,SEC61G,DLPFC
1062101,TLCD1,DLPFC
1064891,SNX32,DLPFC
1065726,RPL23A,DLPFC
1066281,LYPD6,DLPFC
1078225,GEM,DLPFC
1091976,ACYP1,DLPFC
1114313,KCMF1,DLPFC
1127723,NDUFS3,DLPFC
1143141,KRT17,DLPFC
1151919,SPAG16,DLPFC
1153711,DNAJA4,DLPFC
1159533,FOS,DLPFC
1160192,TRAF4,DLPFC
1168452,SERPINH1,DLPFC
1173158,TRPM7,DLPFC
1178231,RPS26,DLPFC
1180782,RELN,DLPFC
1201118,MMP14,DLPFC
1212975,RND3,DLPFC
1224910,HMOX1,DLPFC
1233891,SERF2,DLPFC
1240208,RPL32,DLPFC
1252096,PLXNC1,DLPFC
1254928,TMEM109,DLPFC
1290492,APEX1,DLPFC
1291248,PTPN13,DLPFC
1299259,PPP2R1B,DLPFC
1307318,SEMA7A,DLPFC
1311591,ARHGAP24,DLPFC
1316699,TMEM126A,DLPFC
1318301,APLNR,DLPFC
1339054,PPP1R14A,DLPFC
1343978,RPL28,DLPFC
1344697,SOCS6,DLPFC
1348196,ZNF442,DLPFC
1404436,SGK1,DLPFC
1407285,COX7C,DLPFC
1428179,WDR83OS,DLPFC
1441491,RTN4RL2,DLPFC
1443088,CLK3,DLPFC
1473047,SLC17A7,DLPFC
1512202,LRRK1,DLPFC
1524715,IL18BP,DLPFC
1532949,CKB,DLPFC
1573560,APLN,DLPFC
1582979,LOXL2,DLPFC
1586224,HEY1,DLPFC
1590236,SMTN,DLPFC
1601126,NBPF20,DLPFC
1608854,MSRB1,DLPFC
1619006,DSE,DLPFC
1619189,VPS29,DLPFC
1627621,NDUFB3,DLPFC
1651952,NINJ2,DLPFC
1654975,SUB1,DLPFC
1657633,DNAJB1,DLPFC
1663259,HDAC6,DLPFC
1669736,SIDT1,DLPFC
1671821,KCNA1,DLPFC
1697171,ZNF92,DLPFC
1705524,RGS20,DLPFC
1709704,TEAD4,DLPFC
1713062,SATB1,DLPFC
1716167,INPP4B,DLPFC
1732960,HMBOX1,DLPFC
1748286,MED20,DLPFC
1749488,GLP2R,DLPFC
1751222,CRTAP,DLPFC
1751975,NPC1,DLPFC
1762945,STARD13,DLPFC
1770437,NDUFB7,DLPFC
1773299,ADAMTS1,DLPFC
1773955,CHD9,DLPFC
1785747,TTC3,DLPFC
1792499,BOLA3,DLPFC
1794870,CERS2,DLPFC
1798995,NDUFA12,DLPFC
1806554,ROS1,DLPFC
1813883,SART3,DLPFC
1816505,RPL27A,DLPFC
1836829,CD82,DLPFC
1837860,RPS15A,DLPFC
1850885,CACYBP,DLPFC
1852408,KIAA1324L,DLPFC
1852810,ABCB1,DLPFC
1857909,NHEJ1,DLPFC
1863938,NFKBIZ,DLPFC
1868757,PCSK1N,DLPFC
1881129,LY96,DLPFC
1883413,COLGALT1,DLPFC
1885659,UQCC1,DLPFC
1894407,ZBBX,DLPFC
1905266,ACVR1C,DLPFC
1914858,PIGA,DLPFC
1920021,PSMA2,DLPFC
1931142,ST18,DLPFC
1948236,ANGPTL4,DLPFC
1960147,MBD6,DLPFC
1976564,KAT6A,DLPFC
1977293,STOX1,DLPFC
1983422,S100A13,DLPFC
2005980,C3,DLPFC
2010437,KCNH8,DLPFC
2014120,IMMP1L,DLPFC
2016344,HNRNPA1,DLPFC
2027120,RPL26,DLPFC
2027690,ST6GAL2,DLPFC
2045945,SPP1,DLPFC
2047436,CA5B,DLPFC
2056575,C1R,DLPFC
2058755,RASGEF1B,DLPFC
2063566,ELAVL2,DLPFC
2108227,EFHD1,DLPFC
2120003,PRPS1,DLPFC
2120881,LSM5,DLPFC
2152751,BCL2L2-PABPN1,DLPFC
2169998,CADPS2,DLPFC
2183321,MOBP,DLPFC
2187508,FGFR1,DLPFC
2205735,NR4A2,DLPFC
2206747,ALG12,DLPFC
2208642,ZFPL1,DLPFC
2216320,UQCR10,DLPFC
2223350,HHIP,DLPFC
2242425,AP1S2,DLPFC
2266415,SLC32A1,DLPFC
2283626,PPP1R12A,DLPFC
2290943,SF3A2,DLPFC
2293394,SEC24D,DLPFC
2300173,ASGR1,DLPFC
2310949,UBXN11,DLPFC
2323086,ITGA10,DLPFC
2330058,PLOD2,DLPFC
2341282,EXOC6,DLPFC
2342009,MPZL2,DLPFC
2342096,SEZ6L,DLPFC
2346822,TYK2,DLPFC
2349507,TRIP10,DLPFC
2354482,PFKP,DLPFC
2363993,MLLT10,DLPFC
2367417,CKS1B,DLPFC
2367527,ZNF131,DLPFC
2383949,ANLN,DLPFC
2387853,IRF2,DLPFC
2390274,NRP2,DLPFC
2394551,ALDH1A1,DLPFC
2402842,CXCR4,DLPFC
2420068,CDH8,DLPFC
2430374,DPYD,DLPFC
2434484,PNP,DLPFC
2438398,SOSTDC1,DLPFC
2441972,PLSCR4,DLPFC
2448945,DVL2,DLPFC
2457267,GLCCI1,DLPFC
2466226,DNAJB6,DLPFC
2477112,NAMPT,DLPFC
2478907,MMD2,DLPFC
2482364,PPFIBP2,DLPFC
2490816,ZFAND2A,DLPFC
2504607,RPS15,DLPFC
2506711,RPL31,DLPFC
2516262,CAPN3,DLPFC
2518692,CD44,DLPFC
2519799,MAFB,DLPFC
2521408,IFITM2,DLPFC
2522515,IFITM1,DLPFC
2569230,GMNN,DLPFC
2592617,RPS6,DLPFC
2599331,FCHO1,DLPFC
2600392,SIGIRR,DLPFC
2623913,DHRS9,DLPFC
2647878,IL32,DLPFC
2676353,PLEK,DLPFC
2677629,BANP,DLPFC
2681131,LRRFIP2,DLPFC
2684799,REEP3,DLPFC
2700672,LCP2,DLPFC
2703376,PLSCR1,DLPFC
2705882,ICA1,DLPFC
2708043,NEK10,DLPFC
2727160,PHLDB2,DLPFC
2728340,PLCH1,DLPFC
2737746,ADAM15,DLPFC
2746413,IL6ST,DLPFC
2763653,MYLIP,DLPFC
2769385,ATF3,DLPFC
2806520,SLC38A6,DLPFC
2811797,AZGP1,DLPFC
2812953,GRAMD1A,DLPFC
2814529,MICU3,DLPFC
2835236,RNF217,DLPFC
2836934,PPEF1,DLPFC
2843416,SUPT3H,DLPFC
2853389,FLNA,DLPFC
2867095,RPL30,DLPFC
2867327,BIRC3,DLPFC
2871495,RCAN2,DLPFC
2874707,PHC1,DLPFC
2877518,ZNF384,DLPFC
2881316,FCGR3A,DLPFC
2885957,A2ML1,DLPFC
2891700,PDIA2,DLPFC
2892405,FCGR2A,DLPFC
2907467,COMMD4,DLPFC
2913336,ANGPT2,DLPFC
2926108,MAPK7,DLPFC
2926382,TESPA1,DLPFC
2933067,CCBE1,DLPFC
2934140,TPD52L1,DLPFC
2947318,HDDC2,DLPFC
2960278,TTN,DLPFC
2974181,OLR1,DLPFC
2977390,TFEB,DLPFC
2981972,HHATL,DLPFC
2993231,RSF1,DLPFC
3022109,WFDC2,DLPFC
3027087,GLDN,DLPFC
3041695,ERF,DLPFC
3051591,MC4R,DLPFC
3055827,UQCR11,DLPFC
3059448,DNAJA1,DLPFC
3064406,CDH12,DLPFC
3087547,SYNC,DLPFC
3088365,MT2A,DLPFC
3096719,MT1E,DLPFC
3110139,ERAP2,DLPFC
3115720,ATXN2L,DLPFC
3117375,NRG1,DLPFC
3117593,MGST3,DLPFC
3118539,PRDM5,DLPFC
3118983,SCAPER,DLPFC
3119642,PIEZO2,DLPFC
3119992,WDR78,DLPFC
3120405,USP45,DLPFC
3120734,BTBD11,DLPFC
3121036,ZNF449,DLPFC
3121416,RASA4B,DLPFC
3127349,MTR,DLPFC
3132191,FLNC,DLPFC
3133142,SLC25A48,DLPFC
3166794,CAV1,DLPFC
3206919,TAF1D,DLPFC
3235838,FAM118A,DLPFC
3243157,TNRC6A,DLPFC
3256625,BMPER,DLPFC
3258678,CYB5B,DLPFC
3258875,ZSCAN30,DLPFC
3259869,C16orf62,DLPFC
3261339,CAPG,DLPFC
3262147,ATCAY,DLPFC
3262729,PRDX5,DLPFC
3263342,KCNS3,DLPFC
3263581,ZNF326,DLPFC
3263892,PGAM2,DLPFC
3264381,SH3BP4,DLPFC
3264461,ZNF200,DLPFC
3265040,KDM4C,DLPFC
3265230,CYP26B1,DLPFC
3265338,NIPA1,DLPFC
3265463,WDR45,DLPFC
3265590,FN1,DLPFC
3265693,GADD45A,DLPFC
3265884,TMUB1,DLPFC
3266660,RHBDF1,DLPFC
3266902,PARP9,DLPFC
3267256,CBX6,DLPFC
3267444,KMT2C,DLPFC
3267519,ENTPD1,DLPFC
3267744,ARHGAP17,DLPFC
3268614,DDIT4,DLPFC
3282350,CRTC2,DLPFC
3302609,CXCL10,DLPFC
3309611,LIN37,DLPFC
3317290,FAM196B,DLPFC
3317620,ZFP28,DLPFC
3332264,HSPA6,DLPFC
3344832,NDNF,DLPFC
3348937,MVD,DLPFC
3367558,SH3GL2,DLPFC
3369687,TMEM125,DLPFC
3380247,TMEM160,DLPFC
3386448,ANP32B,DLPFC
3390639,MKNK2,DLPFC
3402321,HSD17B1,DLPFC
3406357,CDRT4,DLPFC
3424440,LHX2,DLPFC
3424856,NUDT14,DLPFC
3426025,TIAF1,DLPFC
3436873,TRNAU1AP,DLPFC
3442930,ATF1,DLPFC
3448368,CCDC61,DLPFC
3453732,TGFB3,DLPFC
3460080,GLB1,DLPFC
3481870,AP1G2,DLPFC
3515088,ALOX5AP,DLPFC
3515538,KCNJ13,DLPFC
3534681,RPL39L,DLPFC
3576194,ATP6V0E2,DLPFC
3576513,CTSA,DLPFC
3577779,SH3BP2,DLPFC
3578343,CD9,DLPFC
3578428,CLEC4A,DLPFC
3578665,NEURL2,DLPFC
3598553,SERPINE1,DLPFC
3607727,LRCH4,DLPFC
3613076,CTSZ,DLPFC
3629125,TRIM54,DLPFC
3633316,CHGB,DLPFC
3636309,C9orf24,DLPFC
3641586,TAS2R3,DLPFC
3649305,PABPC1L2B,DLPFC
3657650,IL12RB2,DLPFC
3660453,NRG4,DLPFC
3669396,RGS16,DLPFC
3670333,UNC13A,DLPFC
3679317,CPED1,DLPFC
3701591,LUZP6,DLPFC
3711197,NPTXR,DLPFC
3711734,TSPAN18,DLPFC
3724538,COX5B,DLPFC
3733294,GNB3,DLPFC
3733724,TTC31,DLPFC
3737523,NAT6,DLPFC
3749988,HAS2,DLPFC
3750709,CRLS1,DLPFC
3751069,NUTF2,DLPFC
3751116,ACVR2B,DLPFC
3767913,FAM135B,DLPFC
3780711,MLKL,DLPFC
3787756,ORC6,DLPFC
3787958,TP53I11,DLPFC
3800803,MCHR2,DLPFC
3806961,TCF7L1,DLPFC
3807569,CXCL14,DLPFC
3811570,MZT2A,DLPFC
3815620,YEATS4,DLPFC
3815718,ARHGEF33,DLPFC
3822120,DENND6A,DLPFC
3828659,VAPA,DLPFC
3832345,EPHA3,DLPFC
3835319,OSTN,DLPFC
3835756,HP,DLPFC
3838925,PYDC2,DLPFC
3838984,MRPL1,DLPFC
3839032,FRAS1,DLPFC
3839526,OSBPL7,DLPFC
3841162,ZHX2,DLPFC
3842688,TAB3,DLPFC
3845471,SMUG1,DLPFC
3845642,KNOP1,DLPFC
3845682,LETM2,DLPFC
3845792,GPRC5B,DLPFC
3845863,CC2D2B,DLPFC
3845898,PRAF2,DLPFC
3846035,PHLPP1,DLPFC
3846142,SHC1,DLPFC
3846232,COX19,DLPFC
3846251,FAM13C,DLPFC
3846259,KIF24,DLPFC
3846385,PDIA6,DLPFC
3846396,ARL5B,DLPFC
3846467,SPRED1,DLPFC
3849210,ZBTB10,DLPFC
3850166,UCK2,DLPFC
3851804,PHYHIPL,DLPFC
3851843,LSM10,DLPFC
3851929,STAM2,DLPFC
3851998,AHNAK,DLPFC
3852043,FAM49B,DLPFC
3852288,ATP6V1C2,DLPFC
3852311,TLE2,DLPFC
3852650,LYPLA1,DLPFC
3852686,PAX3,DLPFC
3801,YBX1,Hippocampus
7838,S100A4,Hippocampus
9812,ZFP69B,Hippocampus
10898,TRIT1,Hippocampus
13883,AGL,Hippocampus
16305,ARHGEF11,Hippocampus
17533,ASTN1,Hippocampus
18496,ATP2B4,Hippocampus
21509,RAB25,Hippocampus
23000,RASAL2,Hippocampus
25166,RGS4,Hippocampus
31133,S100A6,Hippocampus
33068,SELL,Hippocampus
36458,SMG5,Hippocampus
40023,SSR2,Hippocampus
41557,STX12,Hippocampus
45562,TIPRL,Hippocampus
50213,UAP1,Hippocampus
51318,UCHL5,Hippocampus
55589,YIPF1,Hippocampus
57823,ZDHHC18,Hippocampus
64195,CAMK1G,Hippocampus
64563,CAPN2,Hippocampus
66990,CD34,Hippocampus
70183,CEPT1,Hippocampus
75192,CSRP1,Hippocampus
82484,ELOA,Hippocampus
86783,FMO3,Hippocampus
88270,GBP2,Hippocampus
94403,H2BC21,Hippocampus
94545,H3-3A,Hippocampus
94979,HDGF,Hippocampus
97057,HP1BP3,Hippocampus
109497,LRRC8B,Hippocampus
119475,NPHP4,Hippocampus
121779,NUAK2,Hippocampus
122641,OLFML2B,Hippocampus
123040,OLFML3,Hippocampus
133872,PSEN2,Hippocampus
139881,FLAD1,Hippocampus
140985,PIGV,Hippocampus
143582,C1orf115,Hippocampus
143816,RABGAP1L,Hippocampus
144011,CLSTN1,Hippocampus
148371,TARBP1,Hippocampus
150117,CDC42SE1,Hippocampus
155585,RAP1A,Hippocampus
157502,RRNAD1,Hippocampus
168738,CAMTA1,Hippocampus
170532,CDC7,Hippocampus
170988,CEP85,Hippocampus
174955,ELAPOR1,Hippocampus
176909,FMO6P,Hippocampus
186210,LRRC40,Hippocampus
187808,MSTO1,Hippocampus
194440,PGM1,Hippocampus
196978,PPFIA4,Hippocampus
202499,AGO3,Hippocampus
203593,ARID1A,Hippocampus
204094,ATP5IF1,Hippocampus
206593,SHC1,Hippocampus
207096,SMYD3,Hippocampus
208265,SRM,Hippocampus
208526,SRP9,Hippocampus
215929,CDC42,Hippocampus
216654,CSF1,Hippocampus
223538,FCN3,Hippocampus
223883,FGR,Hippocampus
225620,KDM5B,Hippocampus
237546,WARS2,Hippocampus
244344,RNF220,Hippocampus
246813,SLC25A44,Hippocampus
248211,TMCC2,Hippocampus
258340,CR1,Hippocampus
260107,EBNA1BP2,Hippocampus
262176,FUCA1,Hippocampus
264935,HS2ST1,Hippocampus
266574,KCND3,Hippocampus
267987,MAPKAPK2,Hippocampus
279384,CDC20,Hippocampus
281297,EIF4G3,Hippocampus
282354,FAM76A,Hippocampus
290483,RCC1,Hippocampus
290628,SCAMP3,Hippocampus
292591,TRAF3IP3,Hippocampus
293160,CASP9,Hippocampus
294778,DIRAS3,Hippocampus
295324,FCER1A,Hippocampus
295554,GJA4,Hippocampus
297088,LRRC8D,Hippocampus
298115,MTF2,Hippocampus
298494,ORC1,Hippocampus
300811,PPIH,Hippocampus
302465,ADGRB2,Hippocampus
306510,DDI2,Hippocampus
307672,GNPAT,Hippocampus
308470,LGALS8,Hippocampus
310330,PPP2R5A,Hippocampus
312720,TRIM33,Hippocampus
319402,SLAMF1,Hippocampus
320111,MRTO4,Hippocampus
328223,MUL1,Hippocampus
329388,PPCS,Hippocampus
330488,PROX1,Hippocampus
335266,HPCAL4,Hippocampus
335903,PRG4,Hippocampus
337233,SDCCAG8,Hippocampus
337498,INPP5B,Hippocampus
338318,H3-4,Hippocampus
339456,MPZL1,Hippocampus
342133,DNAJC1,Hippocampus
343255,ENTPD1,Hippocampus
344874,ANXA11,Hippocampus
345706,ARL3,Hippocampus
346784,ATRNL1,Hippocampus
348952,SEC61A2,Hippocampus
350027,SGPL1,Hippocampus
352582,SPOCK2,Hippocampus
356281,C10orf88,Hippocampus
360589,CRTAC1,Hippocampus
361357,CTBP2,Hippocampus
362576,DCLRE1C,Hippocampus
362859,DNA2,Hippocampus
364686,FGFR2,Hippocampus
375369,LIPF,Hippocampus
377407,MTPAP,Hippocampus
386418,ZNF365,Hippocampus
388631,SLIT1,Hippocampus
390658,AKR1C1,Hippocampus
393026,ACTA2,Hippocampus
394846,SORCS3,Hippocampus
395375,THNSL1,Hippocampus
399008,COX15,Hippocampus
399492,CUL2,Hippocampus
399765,CYP2C8,Hippocampus
402008,INPP5A,Hippocampus
402584,MLLT10,Hippocampus
404428,PDSS1,Hippocampus
408640,ACADSB,Hippocampus
409055,ADARB2,Hippocampus
411724,CHST3,Hippocampus
416234,PGAM1,Hippocampus
416886,GLUD1,Hippocampus
421514,TIAL1,Hippocampus
426939,LGI1,Hippocampus
430985,AMSH-LP,Hippocampus
432139,CAMK1D,Hippocampus
442194,TIMM23,Hippocampus
443762,UNC5B,Hippocampus
445350,NEURL1,Hippocampus
445809,TRDMT1,Hippocampus
449668,TRIM68,Hippocampus
453083,NR1H3,Hippocampus
453236,RAB30,Hippocampus
455785,AKIP1,Hippocampus
457617,AMBRA1,Hippocampus
458876,B3GAT1,Hippocampus
464367,SCN3B,Hippocampus
465071,SF3B2,Hippocampus
471053,TOLLIP,Hippocampus
471639,TRIM21,Hippocampus
478910,C11orf71,Hippocampus
482213,CDK2AP2,Hippocampus
489387,DDX25,Hippocampus
495437,FBXO3,Hippocampus
496830,FIBP,Hippocampus
498655,FXYD6,Hippocampus
501921,HRAS,Hippocampus
507594,LRP4,Hippocampus
508617,MICAL2,Hippocampus
510372,NELL1,Hippocampus
515220,PCF11,Hippocampus
517348,PPFIBP2,Hippocampus
520621,ANO3,Hippocampus
523466,ACP2,Hippocampus
524226,AIP,Hippocampus
535643,CKAP5,Hippocampus
537680,GNG3,Hippocampus
541905,MPPED2,Hippocampus
545608,PRPF19,Hippocampus
545764,PSMA1,Hippocampus
550216,PTS,Hippocampus
555165,SPA17,Hippocampus
559008,COX8A,Hippocampus
564982,NDUFV1,Hippocampus
565849,PHF21A,Hippocampus
567789,PPP2R1B,Hippocampus
568847,ZNRD2,Hippocampus
570358,MRPL48,Hippocampus
574515,ATM,Hippocampus
575326,RBM4B,Hippocampus
575763,RPS13,Hippocampus
584452,DKK3,Hippocampus
584766,DYNC2H1,Hippocampus
586201,FAM168A,Hippocampus
589129,IL10RA,Hippocampus
590143,ME3,Hippocampus
591772,OR51E2,Hippocampus
596160,CCDC82,Hippocampus
598698,FTH1,Hippocampus
601896,AP2A2,Hippocampus
603605,SPTBN2,Hippocampus
604784,TKFC,Hippocampus
605153,ZNF202,Hippocampus
605820,DLAT,Hippocampus
606049,DPP3,Hippocampus
607789,HTATIP2,Hippocampus
609999,LRP5,Hippocampus
610300,MDK,Hippocampus
611150,SIPA1,Hippocampus
612379,UBE2L6,Hippocampus
614011,DDB1,Hippocampus
616189,MPZL2,Hippocampus
618204,VPS37C,Hippocampus
631801,CLPB,Hippocampus
632575,KMT5B,Hippocampus
634123,SH2B3,Hippocampus
635817,PXMP2,Hippocampus
641866,AKAP3,Hippocampus
644712,ATF7IP,Hippocampus
646625,PSMD9,Hippocampus
647020,PTHLH,Hippocampus
647437,PTPRR,Hippocampus
649131,RAPGEF3,Hippocampus
650072,RASAL1,Hippocampus
653816,SINHCAF,Hippocampus
660586,TULP3,Hippocampus
660960,ULK1,Hippocampus
665879,C2CD5,Hippocampus
665987,C3AR1,Hippocampus
667545,CBX5,Hippocampus
670284,CDK2AP1,Hippocampus
671464,CNPY2,Hippocampus
672410,DDX23,Hippocampus
674767,FAIM2,Hippocampus
684603,LAG3,Hippocampus
686452,MANSC1,Hippocampus
688318,MLXIP,Hippocampus
689469,MRPS35,Hippocampus
690720,NCAPD2,Hippocampus
691548,NECAP1,Hippocampus
691719,NINJ2,Hippocampus
693540,P2RX4,Hippocampus
702141,POLR3B,Hippocampus
704148,PWP1,Hippocampus
705079,SHMT2,Hippocampus
705906,SLC6A12,Hippocampus
708691,WNK1,Hippocampus
710192,CD163,Hippocampus
713313,DAO,Hippocampus
714898,FBXO21,Hippocampus
717542,HCAR3,Hippocampus
719975,LEMD3,Hippocampus
722268,MYL6B,Hippocampus
723648,OAS3,Hippocampus
723940,P2RX7,Hippocampus
727453,ADIPOR2,Hippocampus
732134,SLC4A8,Hippocampus
744841,NFE2,Hippocampus
745170,NPFF,Hippocampus
746085,PAN2,Hippocampus
746133,PEBP1,Hippocampus
753499,UHRF1BP1L,Hippocampus
754809,CFAP94,Hippocampus
764057,NDUFA9,Hippocampus
765687,PARPBP,Hippocampus
766476,PPFIBP1,Hippocampus
771861,ARL1,Hippocampus
773552,UTP20,Hippocampus
774317,DENR,Hippocampus
774602,DGKA,Hippocampus
776075,NAV3,Hippocampus
777020,PLXNC1,Hippocampus
780859,C12orf43,Hippocampus
781546,ENO2,Hippocampus
781857,GABARAPL1,Hippocampus
784759,MLEC,Hippocampus
785003,MPHOSPH9,Hippocampus
787200,DRAM1,Hippocampus
787814,KLRG1,Hippocampus
793756,STYK1,Hippocampus
796385,DENND5B,Hippocampus
797983,ZNF10,Hippocampus
800530,CMAS,Hippocampus
802179,FZD10,Hippocampus
803613,OLFM4,Hippocampus
804886,AKAP11,Hippocampus
807753,SOX1,Hippocampus
808841,TGDS,Hippocampus
810515,UGGT2,Hippocampus
812331,CNMD,Hippocampus
815864,HTR2A,Hippocampus
819565,NBEA,Hippocampus
825905,TRPC4,Hippocampus
827418,DLEU1,Hippocampus
828182,GPC5,Hippocampus
831021,RFC3,Hippocampus
831357,RNASEH2B,Hippocampus
831814,DZIP1,Hippocampus
835819,RGCC,Hippocampus
836594,SUPT20H,Hippocampus
844306,POGLUT2,Hippocampus
845566,TPT1,Hippocampus
845829,PHF11,Hippocampus
848435,OTUB2,Hippocampus
849490,BMP4,Hippocampus
851240,AHNAK2,Hippocampus
855200,SAMD4A,Hippocampus
856759,SIPA1L1,Hippocampus
863203,BAZ1A,Hippocampus
864698,COCH,Hippocampus
865294,CPNE6,Hippocampus
872432,FOXN3,Hippocampus
874905,KHNYN,Hippocampus
877835,MTHFD1,Hippocampus
878337,NEK9,Hippocampus
886478,FLRT2,Hippocampus
887689,ABCD4,Hippocampus
887829,ABHD4,Hippocampus
888545,AP4S1,Hippocampus
890679,SERPINA5,Hippocampus
891566,SLC38A6,Hippocampus
901387,LGMN,Hippocampus
906807,ANG,Hippocampus
908018,RBM25,Hippocampus
909349,VRK1,Hippocampus
910756,DHRS4L2,Hippocampus
912037,MGAT2,Hippocampus
916946,RAD51B,Hippocampus
917899,RNASE2,Hippocampus
918145,RTN1,Hippocampus
925408,HSPA2,Hippocampus
925578,ITPK1,Hippocampus
926105,KLC1,Hippocampus
926376,MAP3K9,Hippocampus
928159,NRXN3,Hippocampus
929459,PRORP,Hippocampus
932785,EMC9,Hippocampus
937852,NOVA1,Hippocampus
938493,RNF31,Hippocampus
946160,NUBPL,Hippocampus
946331,REC8,Hippocampus
947325,LRP10,Hippocampus
947572,TRIM9,Hippocampus
948182,DYNC1H1,Hippocampus
949111,SPATA7,Hippocampus
949356,PELI2,Hippocampus
950413,MAP2K5,Hippocampus
951074,CEP152,Hippocampus
952440,ANKRD34C,Hippocampus
954910,RASGRP1,Hippocampus
956285,RPAP1,Hippocampus
956546,RYR3,Hippocampus
956894,SLCO3A1,Hippocampus
961874,UBE3A,Hippocampus
963411,VPS33B,Hippocampus
963810,VPS39,Hippocampus
964209,WDR61,Hippocampus
964872,ZNF592,Hippocampus
969986,FLJ10038,Hippocampus
971727,HERC1,Hippocampus
972756,HMG20A,Hippocampus
973567,ISG20,Hippocampus
973853,ITPKA,Hippocampus
975557,LRRC49,Hippocampus
977693,NDN,Hippocampus
979669,PAK6,Hippocampus
980209,PCSK6,Hippocampus
981912,ZSCAN2,Hippocampus
985831,ARNT2,Hippocampus
987699,SCAMP2,Hippocampus
990000,STOML1,Hippocampus
993978,IQGAP1,Hippocampus
995354,NEO1,Hippocampus
998538,ALDH1A3,Hippocampus
998846,ANPEP,Hippocampus
1002562,BLM,Hippocampus
1006521,MAP2K1,Hippocampus
1010337,RTF1,Hippocampus
1015611,JMJD7,Hippocampus
1019154,DMXL2,Hippocampus
1024190,RPLP1,Hippocampus
1024543,SCG3,Hippocampus
1026798,GNB5,Hippocampus
1031049,POLR2M,Hippocampus
1032043,DPP8,Hippocampus
1034849,AP3B2,Hippocampus
1035631,SV2B,Hippocampus
1042370,ATMIN,Hippocampus
1045205,SNRNP25,Hippocampus
1048017,TMEM231,Hippocampus
1050113,UQCRC2,Hippocampus
1050621,USP7,Hippocampus
1050976,WDR59,Hippocampus
1054020,CACNG3,Hippocampus
1058084,COG8,Hippocampus
1060742,CREBBP,Hippocampus
1067932,GALNS,Hippocampus
1068256,GNAO1,Hippocampus
1068537,HIRIP3,Hippocampus
1069754,ITFG1,Hippocampus
1072529,LYRM1,Hippocampus
1073485,MAPK8IP3,Hippocampus
1074051,MON1B,Hippocampus
1074357,MT1F,Hippocampus
1075387,MT1H,Hippocampus
1076104,MT1X,Hippocampus
1082503,PRKCB,Hippocampus
1084141,MRTFB,Hippocampus
1085814,CDIP1,Hippocampus
1091062,TERF2IP,Hippocampus
1093973,ZNF23,Hippocampus
1096884,CX3CL1,Hippocampus
1099829,JPT2,Hippocampus
1103413,PIEZO1,Hippocampus
1105638,ABCC1,Hippocampus
1109478,BCKDK,Hippocampus
1110461,CBFB,Hippocampus
1112849,CLN3,Hippocampus
1112903,CNOT1,Hippocampus
1113421,DCTN5,Hippocampus
1118563,PRSS8,Hippocampus
1122771,RPGRIP1L,Hippocampus
1123315,SHCBP1,Hippocampus
1124284,SPG7,Hippocampus
1129110,CRYM,Hippocampus
1132431,NECAB2,Hippocampus
1141566,TMC7,Hippocampus
1142298,CHST5,Hippocampus
1148425,KNOP1,Hippocampus
1149174,CCP110,Hippocampus
1149331,GPRC5B,Hippocampus
1152614,KATNB1,Hippocampus
1153577,CDH8,Hippocampus
1153710,PSME3IP1,Hippocampus
1154732,ITGAM,Hippocampus
1156044,LITAF,Hippocampus
1158902,AKAP1,Hippocampus
1166013,AATF,Hippocampus
1169104,PSMC3IP,Hippocampus
1171002,RAD51C,Hippocampus
1174816,SCPEP1,Hippocampus
1176463,SGSH,Hippocampus
1177097,SHISA6,Hippocampus
1178688,SLFN12,Hippocampus
1181729,STAT5A,Hippocampus
1184041,TIMP2,Hippocampus
1187249,VAMP2,Hippocampus
1189342,B9D1,Hippocampus
1191660,CA4,Hippocampus
1195337,CDK3,Hippocampus
1197802,CRLF3,Hippocampus
1201884,DHRS11,Hippocampus
1203251,DUSP3,Hippocampus
1205281,FLII,Hippocampus
1209316,HS3ST3B1,Hippocampus
1212606,LYRM9,Hippocampus
1215575,MYH1,Hippocampus
1221743,PCTP,Hippocampus
1222067,PDK2,Hippocampus
1223599,PITPNA,Hippocampus
1226746,TUBG2,Hippocampus
1227518,USP36,Hippocampus
1235184,ANKRD40,Hippocampus
1240845,TUBD1,Hippocampus
1243810,CTNS,Hippocampus
1247184,GPS2,Hippocampus
1247427,HIGD1B,Hippocampus
1252480,PITPNM3,Hippocampus
1258231,ATP5MC1,Hippocampus
1260280,RSAD1,Hippocampus
1263277,TMC6,Hippocampus
1265505,WSCD1,Hippocampus
1272652,GLOD4,Hippocampus
1274253,KIF1C,Hippocampus
1277061,MSL1,Hippocampus
1283194,ACTG1,Hippocampus
1284009,ABCA6,Hippocampus
1284248,ACE,Hippocampus
1296120,ENGASE,Hippocampus
1301503,MED1,Hippocampus
1307139,PSMD11,Hippocampus
1311403,PELP1,Hippocampus
1311995,GH1,Hippocampus
1314236,RPL23A,Hippocampus
1315329,TTC19,Hippocampus
1316759,DHRS7B,Hippocampus
1317645,GRN,Hippocampus
1323642,CLEC10A,Hippocampus
1325397,MIR22,Hippocampus
1329702,NGFR,Hippocampus
1330599,KCNJ2,Hippocampus
1333546,CASC3,Hippocampus
1334193,CSNK1D,Hippocampus
1334506,GNA13,Hippocampus
1334852,FTSJ3,Hippocampus
1335299,SLC38A10,Hippocampus
1337768,RPL19,Hippocampus
1341894,METTL4,Hippocampus
1343716,ATP9B,Hippocampus
1344016,PTPRM,Hippocampus
1344753,RBFA,Hippocampus
1345454,SEH1L,Hippocampus
1346779,THOC1,Hippocampus
1348497,CDH20,Hippocampus
1351622,IMPACT,Hippocampus
1354157,PIEZO2,Hippocampus
1358540,VPS4B,Hippocampus
1363043,B4GALT6,Hippocampus
1365240,DSG2,Hippocampus
1369349,RNMT,Hippocampus
1373792,PIK3C3,Hippocampus
1378106,EMP3,Hippocampus
1378374,PRKD2,Hippocampus
1379013,ZNF224,Hippocampus
1388739,SMARCA4,Hippocampus
1393050,TRAPPC2B,Hippocampus
1401169,ZNF544,Hippocampus
1408242,CD22,Hippocampus
1409754,CIRBP,Hippocampus
1410424,COLGALT1,Hippocampus
1410872,CRLF1,Hippocampus
1413029,DHX34,Hippocampus
1419604,GAMT,Hippocampus
1420767,GNA15,Hippocampus
1423337,IFI30,Hippocampus
1423824,IRF3,Hippocampus
1425300,KEAP1,Hippocampus
1429433,LILRA6,Hippocampus
1446771,LILRA2,Hippocampus
1452155,SYT5,Hippocampus
1452541,MAST3,Hippocampus
1455384,ATP5F1D,Hippocampus
1456223,PTBP1,Hippocampus
1456800,RPS19,Hippocampus
1461954,ZNF460,Hippocampus
1462774,ZNF667,Hippocampus
1463370,CALM3,Hippocampus
1464198,CLIP3,Hippocampus
1465353,DDX39A,Hippocampus
1467928,FXYD5,Hippocampus
1469302,INSR,Hippocampus
1472843,PIN1,Hippocampus
1474968,S1PR5,Hippocampus
1476787,PTPRS,Hippocampus
1477500,RAB4B,Hippocampus
1481255,TRIP10,Hippocampus
1482052,TYK2,Hippocampus
1483091,ZNF226,Hippocampus
1485671,CERS4,Hippocampus
1486469,CYTH2,Hippocampus
1487260,F2RL3,Hippocampus
1488752,GPR4,Hippocampus
1488865,GPX4,Hippocampus
1491150,ISYNA1,Hippocampus
1492427,KRI1,Hippocampus
1492846,LILRB4,Hippocampus
1493862,NAPA,Hippocampus
1503535,SIRT2,Hippocampus
1504447,STXBP2,Hippocampus
1506751,ZNF221,Hippocampus
1509225,CATSPERG,Hippocampus
1517330,LMNB2,Hippocampus
1519557,PNPLA6,Hippocampus
1520014,ZNF780B,Hippocampus
1523757,EIF3G,Hippocampus
1528102,ADGRE5,Hippocampus
1528857,SBNO2,Hippocampus
1530996,ZNF550,Hippocampus
1533540,GPI,Hippocampus
1541289,MKNK2,Hippocampus
1547164,HMG20B,Hippocampus
1547393,SPINT2,Hippocampus
1548441,STX10,Hippocampus
1554839,ARHGAP15,Hippocampus
1554845,TRAPPC12,Hippocampus
1560248,ADAM23,Hippocampus
1562384,ARHGEF4,Hippocampus
1565938,R3HDM1,Hippocampus
1567364,REEP1,Hippocampus
1570216,SCN2A,Hippocampus
1570793,SERPINE2,Hippocampus
1571206,SLC19A3,Hippocampus
1571636,SLC1A4,Hippocampus
1572719,SLC4A3,Hippocampus
1576156,STON1,Hippocampus
1580378,TTC21B,Hippocampus
1580860,TXNDC9,Hippocampus
1585053,ZFP36L2,Hippocampus
1585991,BCL11A,Hippocampus
1587916,CCL20,Hippocampus
1591471,CYP26B1,Hippocampus
1593471,DYSF,Hippocampus
1594255,EFHD1,Hippocampus
1595885,FAM136A,Hippocampus
1597692,GCFC2,Hippocampus
1600848,HOXD1,Hippocampus
1606109,LRP1B,Hippocampus
1606457,LRP2,Hippocampus
1608945,MBD5,Hippocampus
1609052,MCM6,Hippocampus
1612211,NDUFA10,Hippocampus
1613347,NDUFS1,Hippocampus
1617853,PLEK,Hippocampus
1627167,CGREF1,Hippocampus
1627912,STK25,Hippocampus
1632132,SLC30A3,Hippocampus
1633315,SOS1,Hippocampus
1633432,SOX11,Hippocampus
1633607,SP110,Hippocampus
1638139,CALCRL,Hippocampus
1639869,COX7A2L,Hippocampus
1640014,CTNNA2,Hippocampus
1642747,FZD5,Hippocampus
1646542,KCNF1,Hippocampus
1649808,OLA1,Hippocampus
1651302,PPP1R7,Hippocampus
1651377,PPP3R1,Hippocampus
1654092,KANSL1L,Hippocampus
1654896,ACTR3,Hippocampus
1656860,AUP1,Hippocampus
1657688,PTPRN,Hippocampus
1660359,TNFAIP6,Hippocampus
1665263,CYRIA,Hippocampus
1666560,DYNC2LI1,Hippocampus
1671003,MOB4,Hippocampus
1678045,QPCT,Hippocampus
1679869,SH3BP4,Hippocampus
1680734,STARD7,Hippocampus
1681639,TGFA,Hippocampus
1692143,HOXD12,Hippocampus
1692755,HS1BP3,Hippocampus
1693530,INPP4A,Hippocampus
1699665,PREB,Hippocampus
1704199,DNAH7,Hippocampus
1707911,MFSD2B,Hippocampus
1713396,CDK5R2,Hippocampus
1715650,LMAN2L,Hippocampus
1716100,METTL8,Hippocampus
1717271,AHSA2P,Hippocampus
1718032,TMEM177,Hippocampus
1720562,MARCO,Hippocampus
1721826,SPC25,Hippocampus
1723490,SP140L,Hippocampus
1724784,MAP4K4,Hippocampus
1725320,SCTR,Hippocampus
1726105,SF3B1,Hippocampus
1728071,PLEKHB2,Hippocampus
1733619,UGGT1,Hippocampus
1734308,CFLAR,Hippocampus
1734960,SP100,Hippocampus
1739038,ACOT8,Hippocampus
1739259,ADA,Hippocampus
1741217,ATRN,Hippocampus
1745228,SLCO4A1,Hippocampus
1746196,SS18L1,Hippocampus
1752087,CDC25B,Hippocampus
1760570,IFT52,Hippocampus
1763709,NECAB3,Hippocampus
1766643,PAK5,Hippocampus
1767141,PCSK2,Hippocampus
1768244,PLCG1,Hippocampus
1773699,SIRPA,Hippocampus
1774300,SPAG4,Hippocampus
1777582,EPB41L1,Hippocampus
1791126,DDX27,Hippocampus
1795020,ARFGEF2,Hippocampus
1799024,TAF4,Hippocampus
1799136,TASP1,Hippocampus
1802257,ITCH,Hippocampus
1805202,POLR3F,Hippocampus
1806293,AAR2,Hippocampus
1807427,EIF2S2,Hippocampus
1807565,GDAP1L1,Hippocampus
1809723,RALGAPB,Hippocampus
1812304,MC3R,Hippocampus
1812749,PIGT,Hippocampus
1817201,SERINC3,Hippocampus
1817466,RPS21,Hippocampus
1826836,VPS26C,Hippocampus
1827460,C21orf91,Hippocampus
1827693,CFAP298,Hippocampus
1832418,MCM3AP-AS1,Hippocampus
1833386,PAXBP1,Hippocampus
1839426,HSPA13,Hippocampus
1840478,NRIP1,Hippocampus
1841113,CHAF1B,Hippocampus
1841553,PSMG1,Hippocampus
1841741,RCAN1,Hippocampus
1857458,APOBEC3F,Hippocampus
1863512,SERHL2,Hippocampus
1870479,YWHAH,Hippocampus
1873862,DDX17,Hippocampus
1875094,DNAL4,Hippocampus
1879508,GRK3,Hippocampus
1884539,MORC2,Hippocampus
1887231,PISD,Hippocampus
1887752,PMM1,Hippocampus
1890786,LARGE1,Hippocampus
1898604,COMT,Hippocampus
1903251,POLDIP3,Hippocampus
1925975,KLHL22,Hippocampus
1926303,MAPK8IP2,Hippocampus
1926498,MPST,Hippocampus
1941491,MN1,Hippocampus
1942142,ATP6V1E1,Hippocampus
1942328,PI4KA,Hippocampus
1946773,APEH,Hippocampus
1953421,ATP1B3,Hippocampus
1954085,PTPRG,Hippocampus
1955355,RBM6,Hippocampus
1963432,SLC6A1,Hippocampus
1965078,STAB1,Hippocampus
1968589,TMCC1,Hippocampus
1968862,TMEM115,Hippocampus
1969558,TNIK,Hippocampus
1971671,UBA5,Hippocampus
1972954,WDR5B,Hippocampus
1976591,BCL6,Hippocampus
1978684,CADPS,Hippocampus
1980455,CDV3,Hippocampus
1980975,CGGBP1,Hippocampus
1983682,COLQ,Hippocampus
1984288,COPG1,Hippocampus
1987857,DOCK3,Hippocampus
1988030,DZIP3,Hippocampus
1993800,FHIT,Hippocampus
1996096,GMPS,Hippocampus
2001091,KALRN,Hippocampus
2001577,KLHL24,Hippocampus
2009600,P4HTM,Hippocampus
2010406,PLA1A,Hippocampus
2010724,PLCL2,Hippocampus
2012444,POGLUT1,Hippocampus
2013070,PPP1R2,Hippocampus
2013326,PPP4R2,Hippocampus
2014077,LTF,Hippocampus
2016072,CACNA1D,Hippocampus
2017274,GRM7,Hippocampus
2017616,AZI2,Hippocampus
2019981,FNDC3B,Hippocampus
2020550,TAGLN3,Hippocampus
2024463,ARPP21,Hippocampus
2025098,QRICH1,Hippocampus
2027922,SMARCC1,Hippocampus
2035057,HLTF,Hippocampus
2040974,PIGZ,Hippocampus
2043680,SLC25A20,Hippocampus
2047453,SCN11A,Hippocampus
2048872,SPCS1,Hippocampus
2054874,GRAMD1C,Hippocampus
2057743,MECOM,Hippocampus
2059620,OPA1,Hippocampus
2060906,PLAAT1,Hippocampus
2063081,APOD,Hippocampus
2066749,SLC2A2,Hippocampus
2067764,THOC7,Hippocampus
2068942,TRPC1,Hippocampus
2078372,NUP210,Hippocampus
2082491,ATP6V1A,Hippocampus
2083144,RYBP,Hippocampus
2088999,RPL32,Hippocampus
2092536,ZNF35,Hippocampus
2093195,CD86,Hippocampus
2093472,EIF5A2,Hippocampus
2095973,P3H2,Hippocampus
2098645,SLC26A6,Hippocampus
2100189,TMEM39A,Hippocampus
2100584,PARP3,Hippocampus
2103044,PTX3,Hippocampus
2103797,SIDT1,Hippocampus
2107326,NCBP2,Hippocampus
2108164,LRRC31,Hippocampus
2111733,GLRA3,Hippocampus
2118075,SLC25A4,Hippocampus
2121241,TNIP2,Hippocampus
2129188,GPM6A,Hippocampus
2133430,MANBA,Hippocampus
2138314,PPA2,Hippocampus
2141823,ACSL1,Hippocampus
2142741,AFP,Hippocampus
2143867,QDPR,Hippocampus
2146595,CCNG2,Hippocampus
2146696,CCNI,Hippocampus
2148628,EXOC1,Hippocampus
2150158,HPGD,Hippocampus
2150608,IL2,Hippocampus
2160442,GAB1,Hippocampus
2160905,HERC5,Hippocampus
2161146,IL21,Hippocampus
2161678,MAD2L1,Hippocampus
2164179,ADGRL3,Hippocampus
2164388,AFAP1,Hippocampus
2165323,APBB2,Hippocampus
2167024,UCHL1,Hippocampus
2167992,CDS1,Hippocampus
2168136,CTBP1,Hippocampus
2168787,DNAJB14,Hippocampus
2169112,ETNPPL,Hippocampus
2173304,PCGF3,Hippocampus
2175805,PPBP,Hippocampus
2181585,NSUN7,Hippocampus
2182959,AP1AR,Hippocampus
2187701,PCDH7,Hippocampus
2192629,MAP9,Hippocampus
2193917,CPLANE1,Hippocampus
2194337,PCDHA5,Hippocampus
2200910,SAP30L,Hippocampus
2201161,SELENOP,Hippocampus
2201581,SFXN1,Hippocampus
2203228,SLCO4C1,Hippocampus
2206421,TCERG1,Hippocampus
2207787,TGFBI,Hippocampus
2209533,TNPO1,Hippocampus
2215546,CCNH,Hippocampus
2219721,DHFR,Hippocampus
2225052,HMGCS1,Hippocampus
2231511,NDUFS4,Hippocampus
2231966,NME5,Hippocampus
2232182,NREP,Hippocampus
2235264,PCYOX1L,Hippocampus
2236974,PLK2,Hippocampus
2240171,AMACR,Hippocampus
2243791,ADAM19,Hippocampus
2245586,SEC24A,Hippocampus
2248684,TRIM36,Hippocampus
2248976,C5orf66,Hippocampus
2252921,FAT2,Hippocampus
2254425,GRM6,Hippocampus
2256237,LRRTM2,Hippocampus
2256962,MRPS27,Hippocampus
2259325,NSD1,Hippocampus
2260422,PPP2R2B,Hippocampus
2263630,SLC23A1,Hippocampus
2264080,SPDL1,Hippocampus
2265322,CAMLG,Hippocampus
2267649,HBEGF,Hippocampus
2268899,MOCS2,Hippocampus
2269807,NIPBL,Hippocampus
2270059,OXCT1,Hippocampus
2273192,ANXA6,Hippocampus
2276240,SV2C,Hippocampus
2276479,TAF9,Hippocampus
2279558,FAM193B,Hippocampus
2289902,SLC26A2,Hippocampus
2293887,SCAMP1,Hippocampus
2294930,CDH10,Hippocampus
2296179,GABRG2,Hippocampus
2296365,GHR,Hippocampus
2297091,KIF3A,Hippocampus
2298726,ANKH,Hippocampus
2300178,SLC12A7,Hippocampus
2301027,JADE2,Hippocampus
2302178,FAM169A,Hippocampus
2304410,RNF14,Hippocampus
2304889,ACSL6,Hippocampus
2310085,PPIC,Hippocampus
2311012,CRYBG1,Hippocampus
2321311,RIPOR2,Hippocampus
2330268,TREM2,Hippocampus
2331795,WASF1,Hippocampus
2338406,DNPH1,Hippocampus
2340010,ELOVL4,Hippocampus
2348328,H2BC5,Hippocampus
2358652,MTRF1L,Hippocampus
2361328,PCMT1,Hippocampus
2362029,PEX7,Hippocampus
2366536,PXDC1,Hippocampus
2367327,ZNF318,Hippocampus
2369569,H1-3,Hippocampus
2373000,RNASET2,Hippocampus
2374297,SLC35A1,Hippocampus
2375508,TAF11,Hippocampus
2377028,TNFAIP3,Hippocampus
2380463,CCR6,Hippocampus
2380741,CDC40,Hippocampus
2381643,DOP1A,Hippocampus
2382072,E2F3,Hippocampus
2383670,FOXF2,Hippocampus
2384551,GSTA4,Hippocampus
2388717,LRRC1,Hippocampus
2391427,PLN,Hippocampus
2391540,PREP,Hippocampus
2396504,STK38,Hippocampus
2400163,CCNC,Hippocampus
2401027,CITED2,Hippocampus
2403171,GNMT,Hippocampus
2410108,SYNE1,Hippocampus
2410836,TREM1,Hippocampus
2412268,TULP4,Hippocampus
2412524,TXNDC5,Hippocampus
2422005,KIAA0319,Hippocampus
2425253,PEX3,Hippocampus
2426333,ZSCAN26,Hippocampus
2428453,HTR1B,Hippocampus
2430721,ANKRD6,Hippocampus
2435829,VNN3,Hippocampus
2437490,RPS10-NUDT3,Hippocampus
2441510,NR2E1,Hippocampus
2443277,PLA2G7,Hippocampus
2445829,H2BC7,Hippocampus
2446825,ENPP1,Hippocampus
2447619,NT5E,Hippocampus
2451639,ZSCAN9,Hippocampus
2452335,SASH1,Hippocampus
2455853,BMP5,Hippocampus
2459514,ADAM22,Hippocampus
2460011,ACTL6B,Hippocampus
2461896,ARF5,Hippocampus
2462184,ARPC1B,Hippocampus
2464565,RBM48,Hippocampus
2464734,RELN,Hippocampus
2468673,SNX13,Hippocampus
2470482,TCAF1,Hippocampus
2472564,TRIM56,Hippocampus
2474236,VPS41,Hippocampus
2475489,BCAP29,Hippocampus
2477115,CADPS2,Hippocampus
2483372,DTX2,Hippocampus
2485474,GALNT11,Hippocampus
2487562,GRB10,Hippocampus
2488832,HIPK2,Hippocampus
2491923,KCND2,Hippocampus
2494424,MKLN1,Hippocampus
2495740,NDUFA5,Hippocampus
2499757,PRKAR2B,Hippocampus
2505243,GPR22,Hippocampus
2507271,AVL9,Hippocampus
2507719,PTPRN2,Hippocampus
2510341,CALD1,Hippocampus
2520266,PLOD3,Hippocampus
2521831,GNB2,Hippocampus
2523735,SLC4A2,Hippocampus
2524353,TMEM140,Hippocampus
2525076,BAZ1B,Hippocampus
2526415,DLD,Hippocampus
2527264,FGL2,Hippocampus
2527762,GSAP,Hippocampus
2528966,LSM5,Hippocampus
2531532,NCAPG2,Hippocampus
2531759,NEUROD6,Hippocampus
2532073,PRKAR1B,Hippocampus
2537060,AZGP1,Hippocampus
2538492,STYXL1,Hippocampus
2541785,FKBP14,Hippocampus
2543682,LAMB1,Hippocampus
2543827,LAT2,Hippocampus
2547491,AGK,Hippocampus
2552590,RABGEF1,Hippocampus
2555127,GIMAP1-GIMAP5,Hippocampus
2555747,HOXA7,Hippocampus
2559520,SEM1,Hippocampus
2561368,DYNC1I1,Hippocampus
2562291,PHTF2,Hippocampus
2563115,REPIN1,Hippocampus
2564101,WDR91,Hippocampus
2564377,KBTBD2,Hippocampus
2565351,CCZ1,Hippocampus
2569832,MEPCE,Hippocampus
2571810,DGKB,Hippocampus
2572890,TMEM168,Hippocampus
2574171,MCPH1,Hippocampus
2574887,GATA4,Hippocampus
2576946,AP3M2,Hippocampus
2579801,RAB2A,Hippocampus
2587593,UBE2V2,Hippocampus
2589137,ZNF34,Hippocampus
2589624,BMP1,Hippocampus
2591532,CHCHD7,Hippocampus
2592260,CRH,Hippocampus
2593742,DDHD2,Hippocampus
2593958,DECR1,Hippocampus
2595513,EFR3A,Hippocampus
2600821,IMPA1,Hippocampus
2601580,KAT6A,Hippocampus
2602987,MCM4,Hippocampus
2605545,NEFM,Hippocampus
2611880,FDFT1,Hippocampus
2615093,TBC1D31,Hippocampus
2615964,ZNF623,Hippocampus
2617619,DMTN,Hippocampus
2617932,EBAG9,Hippocampus
2621063,NUDT18,Hippocampus
2621343,PABPC1,Hippocampus
2622588,POLR2K,Hippocampus
2622612,PSD3,Hippocampus
2626525,YWHAZ,Hippocampus
2626899,ZFPM2,Hippocampus
2627025,BOP1,Hippocampus
2629227,LRP12,Hippocampus
2629503,LY6H,Hippocampus
2630232,NDRG1,Hippocampus
2632176,PHYHIP,Hippocampus
2639650,GDAP1,Hippocampus
2639689,GFUS,Hippocampus
2639937,GRINA,Hippocampus
2640252,HMBOX1,Hippocampus
2642088,LYPLA1,Hippocampus
2646940,RGS20,Hippocampus
2651875,MSR1,Hippocampus
2663600,GNG10,Hippocampus
2666181,ABHD17B,Hippocampus
2667174,ANGPTL2,Hippocampus
2667935,PTGS1,Hippocampus
2674332,SLC44A1,Hippocampus
2674670,SMIM27,Hippocampus
2678201,USP20,Hippocampus
2679042,WHRN,Hippocampus
2682659,CDK20,Hippocampus
2684363,DDX31,Hippocampus
2694292,LHX6,Hippocampus
2695416,MOB3B,Hippocampus
2695901,MSANTD3-TMEFF1,Hippocampus
2695976,NACC2,Hippocampus
2696143,NCS1,Hippocampus
2697732,NOL8,Hippocampus
2698690,ORM2,Hippocampus
2701955,PCSK5,Hippocampus
2709097,VPS13A,Hippocampus
2709684,BRINP1,Hippocampus
2713932,ENTR1,Hippocampus
2720909,PHF24,Hippocampus
2723915,ALDOB,Hippocampus
2726441,RALGDS,Hippocampus
2727239,SLC24A2,Hippocampus
2730166,XPA,Hippocampus
2730701,CARD9,Hippocampus
2732913,FBXW2,Hippocampus
2733708,HABP4,Hippocampus
2736078,NUP188,Hippocampus
2738250,POLE3,Hippocampus
2741249,ANP32B,Hippocampus
2741410,AOPEP,Hippocampus
2742536,SHB,Hippocampus
2754637,UBAP1,Hippocampus
2757690,RPL7A,Hippocampus
2761109,MTAP,Hippocampus
2768074,MLLT3,Hippocampus
2772306,CDC37L1,Hippocampus
2773911,MED14,Hippocampus
2774582,ARMCX5,Hippocampus
2774778,ATP6AP2,Hippocampus
2775382,RNF128,Hippocampus
2775757,SMC1A,Hippocampus
2778275,WWC3,Hippocampus
2779419,CETN2,Hippocampus
2779629,CNKSR2,Hippocampus
2780157,DIPK2B,Hippocampus
2780548,EGFL6,Hippocampus
2780934,EOLA1,Hippocampus
2780985,F8,Hippocampus
2781094,FAM50A,Hippocampus
2781239,FGF16,Hippocampus
2782898,JADE3,Hippocampus
2784001,MID1,Hippocampus
2784186,MID1IP1,Hippocampus
2784346,MOSPD2,Hippocampus
2785136,PGRMC1,Hippocampus
2785216,PHKA2,Hippocampus
2785997,POLA1,Hippocampus
2786110,PRKX,Hippocampus
2786728,PLP2,Hippocampus
2787224,STS,Hippocampus
2787379,PAK3,Hippocampus
2787943,GRIA3,Hippocampus
2788493,OFD1,Hippocampus
2788790,ARHGEF9,Hippocampus
2789482,SLC25A14,Hippocampus
2790789,CHRDL1,Hippocampus
2790907,CHST7,Hippocampus
2791296,FHL1,Hippocampus
2795349,EOLA2,Hippocampus
2796551,MAGED1,Hippocampus
2799510,DMD,Hippocampus
2800617,MAOA,Hippocampus
2800715,MCF2,Hippocampus
2801155,MTMR1,Hippocampus
2802829,TENM1,Hippocampus
2804320,SYN1,Hippocampus
2805514,XK,Hippocampus
2806858,PAGE1,Hippocampus
2807141,UXT,Hippocampus
2807481,TCEAL2,Hippocampus
2808722,CITED1,Hippocampus
483,AGBL4,LTL
501,AGO3,LTL
525,AHCYL1,LTL
742,ASTN1,LTL
831,ATP13A2,LTL
874,ATPIF1,LTL
1229,CADM3,LTL
1306,CAMTA1,LTL
1618,CDKN2C,LTL
1648,CEP104,LTL
1964,COL8A2,LTL
2033,CSF1,LTL
2052,CSF3R,LTL
2197,DDAH1,LTL
2455,DNM3OS,LTL
2618,EFHD2,LTL
3018,LOC339529,LTL
4016,MIR921,LTL
4479,NTNG1,LTL
4535,OLFM3,LTL
4755,PAX7,LTL
4808,PCP4L1,LTL
5313,POGK,LTL
5421,PRDM2,LTL
5475,PRKAA2,LTL
5561,PTAFR,LTL
5731,RASAL2,LTL
5810,RCC2,LTL
6036,FHAD1,LTL
6101,FNDC10,LTL
6649,HP1BP3,LTL
6690,HSPA7,LTL
6788,IL12RB2,LTL
6827,IRF2BP2,LTL
7386,KIF17,LTL
7642,LINC00210,LTL
7695,LINC00582,LTL
7742,LINC00862,LTL
7807,LINC01140,LTL
8265,LINC01762,LTL
8834,RPTN,LTL
9097,SH2D5,LTL
9271,SLC44A5,LTL
9282,SLC6A17,LTL
9417,SNORA16B,LTL
10206,TRIM62,LTL
10354,UBIAD1,LTL
10644,VPS45,LTL
10738,ZBTB17,LTL
11171,CHRM3,LTL
11301,LRRC7,LTL
11373,MAPKAPK2,LTL
11465,PAFAH2,LTL
11656,LDLRAP1,LTL
11684,LINC01137,LTL
11777,SAMD11,LTL
11963,UBAP2L,LTL
12984,GSTM4,LTL
13241,LOC101927844,LTL
13340,MAP1LC3C,LTL
14679,MAP3K8,LTL
15685,LOC101928322,LTL
15750,SIRT1,LTL
15850,WDR37,LTL
16372,ANXA2P3,LTL
16491,FBXO18,LTL
16726,MIR6755,LTL
16818,NTM,LTL
16968,FAT3,LTL
17290,AQP6,LTL
17351,ATP6V0A2,LTL
17652,CPM,LTL
17738,DIP2B,LTL
17812,FAIM2,LTL
17906,MIR6505,LTL
18038,PTHLH,LTL
18244,FLJ13224,LTL
18383,HELB,LTL
18701,LINC00943,LTL
18727,LOC100506393,LTL
18766,LOC101927464,LTL
18812,LOC101928137,LTL
19309,TMEM132D,LTL
20128,ATP12A,LTL
20196,ATXN8OS,LTL
20618,FAM155A,LTL
21045,MYO16,LTL
21466,RGCC,LTL
21509,FGF9,LTL
21642,GPC5,LTL
22171,LINC00350,LTL
22267,LINC00368,LTL
22280,LINC00371,LTL
22290,LINC00374,LTL
22392,LINC00399,LTL
22621,LINC00460,LTL
22809,LINC00567,LTL
23013,LMO7,LTL
23263,SHISA2,LTL
24353,LINC00398,LTL
24399,DCT,LTL
24522,LINC00403,LTL
24880,AHNAK2,LTL
24897,AKAP5,LTL
25177,BAZ1A,LTL
25487,C14orf37,LTL
25610,CLMN,LTL
26278,LRFN5,LTL
26626,NID2,LTL
26860,NRXN3,LTL
26932,OR4N2,LTL
27132,PRIMA1,LTL
27582,GALNT16,LTL
27834,ITPK1,LTL
28348,LINC01551,LTL
28939,SAV1,LTL
29064,SERPINA5,LTL
29226,SLC7A8,LTL
29255,SLC8A3,LTL
30018,FAM161B,LTL
30491,TTC8,LTL
30790,NFKBIA,LTL
30827,PYGL,LTL
30912,C14orf1,LTL
31076,RDH12,LTL
31250,ACAN,LTL
31478,APBA2,LTL
31514,ARNT2,LTL
32631,MIR4312,LTL
33324,OCA2,LTL
34085,HSP90B2P,LTL
34270,LDHAL6B,LTL
34392,LINC00929,LTL
34806,LOC102723493,LTL
34901,LOC105370954,LTL
34971,SALRNA2,LTL
35155,SLCO3A1,LTL
35286,SNAP23,LTL
35759,TPM1,LTL
35821,UNC13C,LTL
35901,ZNF592,LTL
36217,MAP2K5,LTL
36391,RASL12,LTL
36442,FSIP1,LTL
36739,FAN1,LTL
36898,PEAK1,LTL
37010,SCG3,LTL
37042,SV2B,LTL
37235,SYNM,LTL
37597,ABCC12,LTL
37849,C16orf54,LTL
38025,CACNG3,LTL
38062,CARHSP1,LTL
38371,CHST6,LTL
38412,CLEC18B,LTL
38668,CPNE7,LTL
38770,CYB5B,LTL
38809,SPN,LTL
39779,PPL,LTL
40525,ITGAM,LTL
40931,LOC100507534,LTL
40958,LOC101927272,LTL
41312,SALL1,LTL
41468,SHISA9,LTL
41641,SNORA46,LTL
42023,UBE2MP1,LTL
42137,WDR59,LTL
42508,CLUAP1,LTL
42567,MIR8058,LTL
42587,MKL2,LTL
42763,GRIN2A,LTL
42820,ITGAL,LTL
43297,DHODH,LTL
43984,AA06,LTL
44509,C17orf102,LTL
44640,CACNB1,LTL
44799,CCL1,LTL
44990,CHRNB1,LTL
44997,CLEC10A,LTL
45012,COG1,LTL
45084,CTNS,LTL
45092,CYB561,LTL
45625,MAP3K3,LTL
46463,PIK3R5,LTL
46517,PIRT,LTL
47022,HEXDC,LTL
47065,HNF1B,LTL
47111,JUP,LTL
47874,SCARNA20,LTL
48106,SLC39A11,LTL
48232,SNORA38B,LTL
48239,SNORA50C,LTL
48668,TIAF1,LTL
48922,USP43,LTL
48959,VEZF1,LTL
49099,WSCD1,LTL
49546,LOC440446,LTL
49676,PPM1D,LTL
49867,LGALS9,LTL
50032,SPHK1,LTL
50066,TMEM106A,LTL
50080,TUBG1,LTL
50254,PCTP,LTL
50274,LLGL2,LTL
50534,ALOX15B,LTL
50570,LOC440461,LTL
50762,MPO,LTL
51002,ANKRD29,LTL
51104,BCL2,LTL
51222,CCBE1,LTL
51525,DCC,LTL
52147,MEX3C,LTL
52306,MIR4528,LTL
53057,PTPRM,LTL
53714,LINC01387,LTL
53997,RNF152,LTL
54030,RNF165,LTL
54085,RTTN,LTL
54401,SOCS6,LTL
54526,TTC39C,LTL
55138,LOC101927410,LTL
55165,TMEM241,LTL
55189,TNFRSF11A,LTL
55784,ADCYAP1,LTL
56114,BLVRB,LTL
56186,C5AR1,LTL
56262,CACNG8,LTL
56402,CERS4,LTL
56489,CRTC1,LTL
56548,DMKN,LTL
56774,MAN2B1,LTL
57491,GIPR,LTL
57514,GPI,LTL
57622,HOMER3,LTL
57734,INSR,LTL
57872,KLK7,LTL
57936,LILRA1,LTL
57955,LILRB1,LTL
58275,SLC25A23,LTL
58357,SMIM17,LTL
58639,VASP,LTL
58803,ZNF565,LTL
59008,ARHGAP45,LTL
59114,EFNA2,LTL
59153,PLPP2,LTL
59758,ARRDC2,LTL
59854,PLAUR,LTL
59879,CLPTM1,LTL
60614,ABCG8,LTL
60641,ABI2,LTL
61032,AGAP1,LTL
61327,AOX1,LTL
61342,AP1S3,LTL
61738,B3GALT1,LTL
61887,BRE,LTL
61957,C2orf68,LTL
62001,C2orf73,LTL
62296,CCDC85A,LTL
62393,CFAP221,LTL
62598,CNTNAP5,LTL
62952,DAPL1,LTL
63025,DDX11L2,LTL
63339,DOK1,LTL
63448,DTNB,LTL
63542,E2F6,LTL
63606,EFR3B,LTL
63682,EML6,LTL
64326,LOC400997,LTL
64344,LOC646736,LTL
64371,LOC728730,LTL
64686,MAPRE3,LTL
66227,NRXN1,LTL
66257,NTSR2,LTL
66796,PNPT1,LTL
67288,REG1B,LTL
67822,FOXI3,LTL
68119,GALNT14,LTL
68132,GALNT5,LTL
68221,GCC2,LTL
68730,ICA1L,LTL
68834,IL36G,LTL
69806,LINC01119,LTL
69906,LINC01185,LTL
70114,LINC01494,LTL
70144,LINC01790,LTL
70179,LINC01793,LTL
70401,LOC100506274,LTL
70609,LOC101927907,LTL
70705,LOC101927960,LTL
71245,SATB2,LTL
71420,SERPINE2,LTL
71685,SLC16A14,LTL
71932,SNORD94,LTL
72192,ST6GAL2,LTL
72250,STAT4,LTL
72266,STON1,LTL
72891,TMEM185B,LTL
73281,VSNL1,LTL
73321,WDR92,LTL
73927,CYP20A1,LTL
73934,DGUOK,LTL
74044,LYPD6B,LTL
74710,SCHLAP1,LTL
74774,STEAP3,LTL
74860,TSSC1,LTL
75087,LOC151174,LTL
75437,ADRA2B,LTL
75764,ERBB4,LTL
75939,LOC101928111,LTL
76252,BOLA3,LTL
76316,DGKD,LTL
76405,GPR55,LTL
76650,MRPS5,LTL
76685,SUN5,LTL
76895,BFSP1,LTL
77340,CDH4,LTL
77972,LOC149684,LTL
78288,MIR3194,LTL
78828,PLCB1,LTL
79058,PTPRA,LTL
79172,RBM38,LTL
79254,GFRA4,LTL
79430,JPH2,LTL
79525,KCNS1,LTL
79674,LINC00494,LTL
79805,LINC01441,LTL
80058,LOC102606466,LTL
80126,SAMHD1,LTL
80214,SLC32A1,LTL
81071,SNORD17,LTL
81273,ASXL1,LTL
81650,GINS1,LTL
81744,SNORA71B,LTL
81766,MANBAL,LTL
81829,TM9SF4,LTL
82117,C21orf59,LTL
82563,PCBP3,LTL
82798,ITGB2,LTL
83500,LIPI,LTL
83517,RRP1B,LTL
84124,CECR5,LTL
84377,LOC284898,LTL
84548,MFNG,LTL
84756,NCF4,LTL
84771,NIPSNAP1,LTL
85525,LOC100507599,LTL
85581,RSPH14,LTL
85681,SLC5A1,LTL
85858,TTLL1,LTL
86078,PARVG,LTL
86176,TTC38,LTL
86667,MSL2,LTL
87639,C3orf33,LTL
88360,CLDN16,LTL
88408,CMTM7,LTL
88535,CPNE4,LTL
88937,EBLN2,LTL
89366,ETV5,LTL
89849,LRRC3B,LTL
91134,NEK10,LTL
91179,NFKBIZ,LTL
91857,PIGZ,LTL
91890,PLCH1,LTL
93322,GPR149,LTL
93428,GSK3B,LTL
94038,KIAA1524,LTL
94172,LIMD1,LTL
96067,SPATA12,LTL
96220,STAB1,LTL
96511,TMEM45A,LTL
96735,ULK4,LTL
96796,VEPH1,LTL
97022,ZBBX,LTL
97218,ZNF35,LTL
97221,ZNF385D,LTL
97294,ZNF860,LTL
97356,BCL6,LTL
97383,ADPRH,LTL
97829,NCEH1,LTL
98037,KLF15,LTL
98051,LINC00884,LTL
98465,LINCR.0002,LTL
98567,FAM86DP,LTL
98700,ZXDC,LTL
98903,KCNAB1,LTL
99262,CIDECP,LTL
99306,LOC101929754,LTL
99490,MTNR1A,LTL
100729,DCTD,LTL
100988,FAM149A,LTL
101185,LOC340017,LTL
101378,LYAR,LTL
101626,MIR3139,LTL
101711,MIR4275,LTL
102448,PDHA2,LTL
103539,GPM6A,LTL
103604,GRIA2,LTL
103637,GUSBP5,LTL
103735,HOPX,LTL
103849,INTU,LTL
104383,LINC01098,LTL
104739,LOC100507487,LTL
105112,LOC101929577,LTL
105142,LOC102723778,LTL
105353,SEPTIN11.,LTL
105442,SH3RF1,LTL
105541,SLC2A9,LTL
105635,SLED1,LTL
105791,SNORA26,LTL
105911,SOWAHB,LTL
105938,SPARCL1,LTL
105957,SPATA18,LTL
106088,SPP1,LTL
106422,TECRL,LTL
106598,TMEM150C,LTL
106667,TNIP2,LTL
106950,WDR17,LTL
107346,HERC6,LTL
108170,KIT,LTL
108876,ACSL6,LTL
109395,BASP1,LTL
109750,CDH9,LTL
110519,DOK3,LTL
111204,LOC105379192,LTL
111280,LOC441081,LTL
112426,NKD2,LTL
112499,NPR3,LTL
112561,NSD1,LTL
112606,OTULIN,LTL
112668,PCDHGC5,LTL
112709,PDE8B,LTL
112938,PKD2L2,LTL
113178,PWWP2A,LTL
113239,RAI14,LTL
113683,FSTL4,LTL
113778,GCNT4,LTL
113985,HAPLN1,LTL
114085,HNRNPH1,LTL
114088,HOMER1,LTL
114167,HSPB3,LTL
114205,IL3,LTL
114255,IQGAP2,LTL
114923,LINC01333,LTL
115400,LOC101926941,LTL
115421,LOC101926975,LTL
115611,LOC101928505,LTL
115628,LOC101928539,LTL
115734,LOC101929284,LTL
115968,LOC102467226,LTL
116376,SH3PXD2B,LTL
116413,SHROOM1,LTL
116569,SLC25A48,LTL
116772,SPEF2,LTL
116918,TCOF1,LTL
116939,TENM2,LTL
117750,CDH12,LTL
118220,FBXL17,LTL
118422,LINC00461,LTL
118759,CD180,LTL
118827,LUCAT1,LTL
119232,SNORA74B,LTL
120072,ALDH5A1,LTL
120504,CAHM,LTL
120677,CLIC5,LTL
120767,COL12A1,LTL
121021,DUSP22,LTL
121431,LRRC1,LTL
121647,MAS1,LTL
121658,MCHR2,LTL
122483,MOCS1,LTL
122523,MRPS18A,LTL
122566,MYLIP,LTL
122819,NRN1,LTL
123047,PDE7B,LTL
123314,PIP5K1P1,LTL
123607,PRSS35,LTL
123778,REPS1,LTL
123910,FKBP5,LTL
124076,FRS3,LTL
124573,HCG22,LTL
124597,HCG25,LTL
124693,HIST1H1A,LTL
124697,HIST1H2BE,LTL
125149,KCNQ5,LTL
125206,KIAA0319,LTL
125677,LINC01512,LTL
125844,LOC100506885,LTL
126275,LOC101929705,LTL
126392,RIMS1,LTL
126549,RSPH3,LTL
126737,SGK1,LTL
126886,SLC22A23,LTL
127043,SNORD52,LTL
127559,TINAG,LTL
127587,TMEM200A,LTL
127910,VIP,LTL
127933,WASF1,LTL
128113,ZSCAN16,LTL
128127,ME1,LTL
128262,ADGRB3,LTL
128391,CNKSR3,LTL
128730,MLIP,LTL
129122,RNASET2,LTL
129527,ENPP1,LTL
129810,FAM217A,LTL
129912,TXNDC5,LTL
129948,ATXN1,LTL
131317,BLVRA,LTL
131533,C7orf61,LTL
132079,CLEC2L,LTL
132232,COBL,LTL
132926,DPP6,LTL
134218,NEUROD6,LTL
134751,PER4,LTL
135170,PRKAR1B,LTL
135530,GAL3ST4,LTL
135559,GALNT11,LTL
135594,GCC1,LTL
135896,GTF2I,LTL
136086,HIP1,LTL
136183,ICA1,LTL
136404,KIAA1147,LTL
136582,LAMB1,LTL
136610,LAT2,LTL
136650,LIMK1,LTL
138032,SLC26A4,LTL
138621,THSD7A,LTL
138791,TMEM229A,LTL
138881,TRIM56,LTL
139209,WIPF3,LTL
139366,ZNF713,LTL
139373,ZNF775,LTL
139426,ZNRF2,LTL
139448,ZPBP,LTL
139646,CFAP69,LTL
139700,ELN,LTL
139717,ETV1,LTL
139975,GRM8,LTL
140113,RHBDD2,LTL
140841,LINC01007,LTL
141418,SRRT,LTL
141576,PRDM14,LTL
141974,ANGPT2,LTL
142122,ARHGEF10,LTL
142223,BAALC,LTL
142386,C8orf88,LTL
142638,CHRAC1,LTL
142926,CSMD1,LTL
143001,CSMD3,LTL
143574,EXT1,LTL
144314,MIR6876,LTL
144838,NEFM,LTL
144902,NPBWR1,LTL
145677,PTK2B,LTL
145838,FAM84B,LTL
145897,FBXO16,LTL
146028,GEM,LTL
146090,GNRH1,LTL
146128,HEY1,LTL
146326,KCNQ3,LTL
146815,LINC01605,LTL
147570,LOC101929450,LTL
147773,RIDA,LTL
147781,RIMS2,LTL
148490,TMEM64,LTL
148597,TOX,LTL
149283,MTSS1,LTL
149387,FBXO32,LTL
150133,NIPAL2,LTL
150246,LOXL2,LTL
151471,ASS1,LTL
151507,BNC2,LTL
151617,C9orf152,LTL
151968,CRAT,LTL
152558,LOC401557,LTL
153426,NIPSNAP3B,LTL
153851,PCA3,LTL
154293,PTPN3,LTL
154541,RFX3,LTL
155309,INVS,LTL
155443,KIAA1958,LTL
157029,SPTAN1,LTL
157435,TMEM268,LTL
157706,WHRN,LTL
157742,ZBTB34,LTL
158097,S1PR3,LTL
158233,TRMT10B,LTL
158619,C9orf66,LTL
158626,DDX31,LTL
159061,PBX3,LTL
159350,ARHGEF9,LTL
159362,ARX,LTL
159418,BCOR,LTL
159831,MIR651,LTL
160026,PNMA3,LTL
160069,RAB40A,LTL
160190,GAB3,LTL
160279,GPRASP1,LTL
160326,IDS,LTL
160516,SASH3,LTL
160856,TSPAN7,LTL
161025,MTMR1,LTL
161252,FRMD8P1,LTL
161380,APLN,LTL
539720,MAPK9,DLPFC
613648,PIK3R1,DLPFC
904731,PIK3CB,DLPFC
1139435,PIK3R3,DLPFC
1315624,MAPK10,DLPFC
1641066,MAPK3,DLPFC
1913942,IL1B,DLPFC
2379041,IKBKB,DLPFC
2607040,MAPK1,DLPFC
2950041,ADAM17,DLPFC
2984251,EIF2AK2,DLPFC
3507331,PIK3R2,DLPFC
3800267,PIK3CD,DLPFC
3852478,MAPK8,DLPFC
194725,PIK3CD,Hippocampus
313521,PIK3R3,Hippocampus
402034,MAPK8,Hippocampus
422874,CHUK,Hippocampus
697193,TNFRSF1A,Hippocampus
1130882,MAPK3,Hippocampus
1440061,PIK3R2,Hippocampus
1559563,ADAM17,Hippocampus
1594761,EIF2AK2,Hippocampus
1602387,IL1B,Hippocampus
1882914,MAPK1,Hippocampus
2041191,PIK3CA,Hippocampus
2041422,PIK3CB,Hippocampus
2152359,MAPK10,Hippocampus
2228381,MAPK9,Hippocampus
2287171,PIK3R1,Hippocampus
2542643,IL6,Hippocampus
2640681,IKBKB,Hippocampus
2795008,CYBB,Hippocampus
5079,PIK3CD,LTL
5084,PIK3R3,LTL
14693,MAPK8,LTL
39176,MAPK3,LTL
57214,PIK3R2,LTL
68779,IL1B,LTL
73987,EIF2AK2,LTL
75058,ADAM17,LTL
84447,MAPK1,LTL
91862,PIK3CB,LTL
101425,MAPK10,LTL
111539,MAPK9,LTL
112794,PIK3R1,LTL
136267,IL6,LTL
149448,IKBKB,LTL
